date,KO,PEP,XOM,CVX,JPM,BAC,MSFT,AAPL,SPY,QQQ
2021-01-01,60.4817,169.86,110.4217,159.3806,145.8441,34.5204,380.3344,190.5394,501.9674,430.7213
2021-01-04,60.0561,167.9018,109.8442,157.9613,145.0502,34.3089,378.4843,189.8208,500.1184,429.5929
2021-01-05,60.205,167.8205,110.1951,158.169,144.7831,34.1737,381.8353,189.7836,504.2245,431.5555
2021-01-06,61.1713,170.7082,111.9231,160.4332,147.0382,35.0832,385.542,190.618,514.0313,431.932
2021-01-07,60.4639,167.3419,110.2561,157.5081,144.9147,34.5584,380.6327,187.4888,506.7685,428.3654
2021-01-08,60.7839,168.1668,110.7032,157.8394,145.7403,34.9149,379.4061,183.6676,510.983,421.1541
2021-01-11,60.5794,168.3719,110.5234,158.7053,145.4953,34.3712,379.0439,184.1413,510.2198,421.8727
2021-01-12,60.0645,166.3788,109.663,156.2899,144.0715,33.9559,376.4196,183.8861,506.8078,421.5803
2021-01-13,59.9533,165.1499,109.4714,154.3799,143.7912,33.6644,376.3647,184.9093,508.2207,422.2117
2021-01-14,59.2718,163.1815,108.1526,153.5728,141.8875,33.9058,372.4476,185.2626,504.4508,422.3025
2021-01-15,59.6304,163.9469,108.2514,153.5402,142.4582,33.8542,373.9843,184.942,505.2272,420.478
2021-01-18,59.8314,164.1082,108.7303,153.8811,142.4174,33.8649,374.9718,184.1743,510.3352,417.9403
2021-01-19,59.8177,163.2926,109.4006,154.7548,142.7975,33.9851,376.4583,185.136,514.0506,419.5539
2021-01-20,59.9965,164.1213,109.705,155.3935,143.8026,33.78,378.2202,187.1857,515.4364,422.9769
2021-01-21,60.5509,166.0326,110.4653,156.0115,145.0469,33.9146,383.1844,187.7062,519.7283,424.5656
2021-01-22,60.6919,165.7113,110.9021,157.1232,145.496,34.1247,382.3499,185.8751,517.4486,419.1558
2021-01-25,61.3824,166.9762,111.8838,157.6431,146.394,34.3483,385.949,187.4507,522.6078,422.5749
2021-01-26,61.3739,167.0443,111.4846,156.7796,145.3526,33.4941,383.8777,187.3919,519.9728,422.0608
2021-01-27,61.8485,167.6875,112.6119,156.3217,147.9425,33.9066,387.7636,189.2171,526.583,426.923
2021-01-28,61.3778,166.5304,111.6886,156.0957,146.5439,33.8775,384.8172,188.8727,524.2808,426.7187
2021-01-29,61.1751,166.958,111.6546,155.882,146.2268,33.9674,383.9249,186.138,525.3534,420.8247
2021-02-01,60.7959,165.8832,110.9695,155.5209,144.4635,33.9069,380.0023,187.2203,518.5196,422.4693
2021-02-02,61.2275,166.2519,112.0508,157.5319,145.7887,33.9337,383.1744,189.8673,523.6484,429.2359
2021-02-03,61.0064,165.9115,111.6702,157.4995,144.8463,34.0727,381.2813,190.8181,522.9024,430.8258
2021-02-04,60.8353,165.3286,111.1844,156.7865,144.7391,34.0366,379.6931,189.6081,520.8931,427.5183
2021-02-05,61.472,166.9588,111.8615,158.138,146.7778,34.9341,381.6546,189.3456,525.287,430.0512
2021-02-08,61.4669,167.2626,112.4681,158.1068,147.3543,35.0653,382.6298,190.7503,527.1844,433.3554
2021-02-09,61.7716,168.557,113.2249,158.0879,147.8654,34.6093,384.2208,192.7467,528.1726,438.2579
2021-02-10,61.6443,168.2335,113.1547,157.8911,146.8097,34.6089,383.9245,192.7562,527.2703,435.4806
2021-02-11,61.9153,168.932,113.568,157.84,146.9267,34.5124,385.432,193.0133,529.3771,436.8786
2021-02-12,62.8915,173.0179,115.148,161.4775,149.4567,34.9713,391.1917,196.64,537.1784,444.7225
2021-02-15,63.0276,174.2269,114.9421,161.5433,149.2198,34.5151,390.8924,195.8075,536.6542,443.5807
2021-02-16,63.1032,175.0184,115.3725,161.4709,149.4967,35.0276,391.9451,195.5659,536.8949,438.6547
2021-02-17,63.4595,176.0991,115.6916,161.6672,150.2644,35.052,395.2589,195.1288,538.8244,437.6836
2021-02-18,64.0506,177.0258,116.1181,162.4107,151.721,35.8232,399.727,196.9078,543.3022,439.8143
2021-02-19,64.5088,179.0981,116.9958,163.6085,153.3055,36.054,403.1579,198.3175,549.169,441.3221
2021-02-22,64.1721,178.266,115.9166,162.3187,152.2274,35.5482,399.9568,198.2767,547.4237,442.167
2021-02-23,63.9566,177.2578,115.1784,161.3204,151.4185,35.7441,396.8113,197.8624,543.5955,437.1828
2021-02-24,63.8833,176.8823,115.1298,159.9106,151.0363,35.6375,398.4721,197.1078,544.0302,440.3328
2021-02-25,64.2085,177.0971,115.8489,158.8757,152.1371,35.8659,401.6247,197.1772,548.4365,442.3714
2021-02-26,64.7303,179.293,116.7293,159.761,153.2288,35.742,404.3888,197.085,552.6039,443.0757
2021-03-01,65.0593,180.6974,117.7067,161.6818,154.6284,35.9204,410.2087,197.6601,556.1629,446.5479
2021-03-02,64.944,180.5081,117.675,161.2859,155.06,36.1393,409.6638,197.6699,557.5392,447.1203
2021-03-03,65.4683,181.9342,118.6067,163.8122,156.4264,36.065,413.4409,196.071,560.8682,445.0858
2021-03-04,65.7838,182.314,118.6338,163.8047,157.4036,36.1229,415.2342,194.8346,565.3971,441.6288
2021-03-05,65.6482,180.3946,118.6714,165.198,156.871,35.8859,414.4782,191.3315,565.6014,433.9842
2021-03-08,66.0195,180.3925,119.1343,167.0121,158.3619,36.229,419.1252,192.3583,571.0704,436.6486
2021-03-09,65.152,177.4941,117.6857,165.9643,156.016,36.1443,412.82,191.435,565.1648,436.2629
2021-03-10,65.7484,178.4801,118.227,165.5507,157.231,36.3244,416.9751,191.3285,570.2301,437.9814
2021-03-11,64.9945,176.6379,116.4113,162.9495,154.7192,35.5758,408.8097,193.0935,558.8542,439.4384
2021-03-12,64.2968,175.3099,115.529,162.8681,153.7132,36.1414,405.5915,192.515,556.0872,439.2288
2021-03-15,64.7804,176.5379,116.595,164.685,155.5992,36.4361,407.4262,193.5581,562.2843,442.8069
2021-03-16,64.2496,176.0809,115.6382,163.8372,154.9035,36.226,404.2318,191.3231,557.9282,438.0348
2021-03-17,63.9157,174.6182,114.5511,160.9055,154.1724,35.9605,400.7171,191.7292,556.6578,441.9878
2021-03-18,63.3219,172.9019,113.958,161.9008,153.5634,35.7463,395.2019,192.5484,553.8508,441.3802
2021-03-19,63.4588,173.2406,114.5714,162.0273,154.5534,35.9875,396.4045,191.8788,555.3679,438.754
2021-03-22,63.1023,173.0215,114.6648,160.2344,153.3275,35.9804,394.3156,191.8434,551.8589,438.7109
2021-03-23,64.4752,176.8607,117.2008,163.5407,157.2783,36.9799,403.8699,195.5588,563.7355,445.109
2021-03-24,64.1951,176.1867,117.2118,161.1723,156.01,37.0141,402.2809,195.9776,557.6679,443.3101
2021-03-25,64.8535,176.8194,118.1457,161.4407,157.1305,37.5792,405.0132,195.8475,561.9681,444.0518
2021-03-26,64.7112,175.7973,118.155,163.9513,156.9783,37.6073,403.8022,195.1726,560.5323,441.2639
2021-03-29,64.5114,176.0246,117.8617,163.1597,157.0929,37.7468,403.2483,193.8319,559.0999,437.9597
2021-03-30,64.3655,174.1746,117.5231,161.2892,156.1252,37.8603,403.0329,195.7993,557.9485,440.7538
2021-03-31,64.5865,175.7138,117.1256,160.7518,156.4581,37.6012,403.5339,198.0288,559.6751,446.1986
2021-04-01,65.056,177.3453,117.4126,160.2917,157.2533,38.5454,404.8995,198.6105,561.6914,449.5304
2021-04-02,64.8593,176.2812,117.341,161.0242,156.956,38.3187,403.3798,200.0337,560.5166,452.4434
2021-04-05,64.5106,174.751,116.7601,159.3503,156.6373,38.1376,401.324,199.0205,559.051,451.3155
2021-04-06,64.0837,174.9161,116.1806,158.7935,157.5275,37.9735,399.1954,198.1685,555.6503,451.331
2021-04-07,65.0235,178.4862,117.7535,159.904,159.4368,38.0491,403.7917,199.0523,560.5709,452.3116
2021-04-08,65.0074,178.3566,117.5014,162.059,158.9932,38.2454,405.0653,198.5258,560.4636,452.2844
2021-04-09,64.3589,176.6726,116.062,160.4988,156.8954,38.458,402.5904,197.9824,555.2134,450.4376
2021-04-12,63.7177,174.4608,115.0379,158.9016,155.5821,37.9794,402.2951,196.0531,549.355,448.6267
2021-04-13,63.6905,174.4803,114.2751,157.5392,154.5658,37.8486,400.4803,194.3571,546.6288,445.51
2021-04-14,63.9691,174.7718,115.0302,158.0856,155.8014,38.2032,403.008,193.3089,551.1876,443.0579
2021-04-15,63.6173,173.7559,114.6095,156.7727,155.3567,38.4057,400.3358,192.7563,549.8027,442.9101
2021-04-16,63.7276,175.3224,114.4049,155.746,154.9865,39.005,401.2848,191.5843,549.0568,439.6205
2021-04-19,63.6088,174.9284,115.3266,158.628,156.377,39.8189,402.7976,192.1974,552.008,440.5387
2021-04-20,63.7356,174.544,115.0632,157.7309,156.0206,39.6569,403.1047,194.0307,550.5024,446.7802
2021-04-21,63.656,173.376,115.1656,155.8712,155.5217,39.7041,400.7126,196.4494,547.5422,450.1564
2021-04-22,63.8019,173.8615,115.0247,154.5895,155.8162,39.9759,401.2763,194.6811,547.7295,445.0336
2021-04-23,64.289,174.6565,115.718,156.4175,157.1952,40.3054,403.9074,196.825,553.7505,447.6171
2021-04-26,63.5064,172.7008,114.6287,154.6669,155.7518,39.605,399.2839,197.3884,547.4608,449.8375
2021-04-27,63.2686,170.943,114.897,154.915,155.8203,39.3691,398.253,196.195,546.6836,448.2658
2021-04-28,63.348,171.6307,114.9458,156.0744,156.606,39.9227,400.449,195.3173,550.3257,447.5422
2021-04-29,62.8369,169.5256,114.4926,154.7175,155.4845,40.05,400.5072,191.2948,546.9834,438.9703
2021-04-30,63.3426,170.9216,115.3998,156.5734,156.9183,40.3337,402.1656,191.6181,553.8974,442.4558
2021-05-03,62.8362,169.326,114.1037,154.1436,155.7137,40.1232,398.9138,189.8747,547.7808,438.9214
2021-05-04,63.1963,171.471,114.5239,155.2637,156.6323,40.7364,397.0498,190.4928,547.7062,439.739
2021-05-05,63.3657,172.0484,115.1948,155.8346,156.3941,40.1267,398.4093,189.1296,548.6422,437.4644
2021-05-06,63.54,173.8695,115.4027,155.8981,156.2134,39.9398,397.1325,190.335,548.8371,442.1185
2021-05-07,64.0632,175.6947,116.6952,158.4748,158.1055,41.0567,400.1441,192.2575,552.4968,447.1919
2021-05-10,64.4653,177.8084,117.7548,160.6766,158.2886,41.2004,401.9036,191.8283,560.1511,444.5453
2021-05-11,64.9737,179.0613,118.2372,161.1945,159.5557,41.1403,404.573,189.8941,564.4874,438.9578
2021-05-12,65.3543,180.359,119.1494,162.0166,160.999,41.5327,408.0565,187.2754,568.9159,432.1292
2021-05-13,64.6812,179.3737,117.4542,161.182,158.9333,41.3629,401.2282,184.5431,561.8621,426.3461
2021-05-14,64.0205,178.1855,116.4163,160.2808,157.6071,40.2074,397.9768,181.6876,556.9831,421.0049
2021-05-17,63.5913,177.3671,116.6276,160.2041,156.4787,39.9903,395.7626,178.8537,556.2926,413.2008
2021-05-18,63.3342,176.4185,115.9244,158.5866,155.4459,39.6212,395.0656,178.1985,551.2046,412.1629
2021-05-19,63.7222,177.3866,116.1089,159.8264,155.8075,39.1906,397.0272,178.304,551.5256,411.7039
2021-05-20,63.5133,177.6115,116.2428,160.1271,155.4059,39.1203,395.6174,176.6912,550.6408,406.1642
2021-05-21,63.4571,178.4123,115.7148,159.2217,154.7807,38.9282,394.282,176.3067,551.1002,404.6291
2021-05-24,63.6717,178.5917,116.1409,159.9359,155.4403,39.0783,398.1867,178.1094,553.3187,412.5525
2021-05-25,63.4127,177.3367,116.0995,160.2015,154.6819,38.7889,397.4415,178.7549,551.8138,411.9003
2021-05-26,64.1176,178.6607,117.0969,161.5643,156.546,38.9136,400.1764,179.637,556.6057,413.9632
2021-05-27,63.8519,178.5117,116.0854,161.2876,155.5494,38.2306,397.7418,179.1233,554.9099,411.65
2021-05-28,64.0297,178.3447,116.3397,162.8776,155.8179,38.0823,397.864,177.904,553.2204,407.0141
2021-05-31,64.3088,179.7087,115.9104,162.7773,155.151,38.1891,396.2311,175.8578,553.4392,403.9573
2021-06-01,64.0068,179.2557,115.7018,163.8212,154.4574,38.0978,393.9115,176.0333,551.284,404.2075
2021-06-02,64.4665,180.1499,116.6534,165.2175,155.2865,38.2709,397.1087,176.8334,558.1195,404.6867
2021-06-03,63.8204,179.4634,115.8184,164.6804,153.5327,37.5466,394.5123,175.1442,552.5279,400.8685
2021-06-04,63.5798,177.7442,115.8704,165.7524,152.6661,37.2336,392.9696,174.7109,550.8496,400.4056
2021-06-07,63.844,179.6716,116.7468,168.0683,154.1818,37.807,396.6335,174.922,556.0087,402.4618
2021-06-08,63.4256,178.7219,115.9899,167.8662,153.6152,37.8275,394.3819,174.7734,551.4908,401.7208
2021-06-09,62.2433,173.9416,114.058,165.6131,150.3667,36.9259,389.3537,170.1146,540.4521,393.0832
2021-06-10,62.0756,174.5813,113.2981,166.4195,149.4839,35.9608,387.6138,170.9078,537.2809,395.9604
2021-06-11,61.6021,173.9245,112.4187,164.5554,147.8151,35.3877,385.3087,167.666,533.0156,387.9191
2021-06-14,61.6757,173.8345,112.6233,164.7106,148.0811,35.3116,385.8173,167.7272,533.6088,387.0651
2021-06-15,61.7245,173.3018,112.4417,164.2254,148.4209,35.1327,385.2096,168.8265,532.6793,390.1508
2021-06-16,62.4141,174.1417,113.4795,165.4211,149.5808,35.2766,388.7549,170.2059,534.6406,395.1225
2021-06-17,62.3974,175.7852,113.7366,163.8404,149.8728,35.5737,388.6909,168.7871,535.2141,393.2754
2021-06-18,62.0686,174.2143,113.2538,164.4754,149.5332,35.4865,386.8578,166.6723,533.6971,387.9292
2021-06-21,61.9009,172.8676,113.4371,163.7384,150.1986,35.9198,389.0349,167.4735,536.4637,392.0565
2021-06-22,61.9493,173.1884,113.7047,164.3036,150.4705,35.55,389.71,165.6069,538.5154,389.0397
2021-06-23,62.6366,173.9664,115.1013,164.9692,152.4017,35.8956,394.6135,168.1723,545.5545,395.9963
2021-06-24,62.3238,172.4194,114.4977,164.6904,151.3174,35.1041,393.3025,169.2161,541.7154,398.1374
2021-06-25,62.2317,172.8511,114.4708,163.8766,151.5976,35.0461,392.8812,168.5133,544.3185,396.3146
2021-06-28,62.0256,172.5987,114.4386,162.7163,151.6648,34.7688,393.8879,169.7522,547.6372,400.2818
2021-06-29,61.3077,170.3377,112.877,160.6169,149.8444,34.7263,391.2147,166.6008,544.1237,396.4173
2021-06-30,61.0879,169.7393,112.3317,159.1473,149.3198,34.7245,389.671,166.9899,544.1393,397.8712
2021-07-01,61.1767,169.6854,112.1842,158.3854,149.226,34.9866,386.5241,166.7809,542.6252,397.6977
2021-07-02,61.4678,170.4505,112.4548,158.9427,149.9884,35.0359,387.8409,165.5685,543.5937,392.8435
2021-07-05,61.0078,168.6603,112.1697,159.2903,149.2503,34.5887,385.407,163.5903,538.425,385.7192
2021-07-06,60.836,167.7954,112.3907,158.8319,149.7594,34.4101,388.2328,163.678,539.1596,383.6747
2021-07-07,60.8532,167.4333,112.592,158.1812,149.9011,34.5143,389.239,165.6209,542.3163,385.9486
2021-07-08,60.0623,164.7782,111.1099,156.059,148.5117,34.7093,385.8515,162.9184,535.5398,378.3152
2021-07-09,59.6299,164.2765,110.4164,155.5584,147.2893,34.5516,382.3844,163.4233,531.1913,380.3014
2021-07-12,60.092,166.0604,110.8768,157.6036,147.8659,34.5763,385.1771,163.3517,533.9417,379.8076
2021-07-13,60.4891,166.5355,111.1535,156.9963,147.0832,34.3505,387.5633,163.8561,537.1585,378.997
2021-07-14,61.7172,169.1065,112.785,159.0665,149.6604,34.9133,393.3449,164.8091,548.4744,382.0634
2021-07-15,62.9855,172.4733,115.3116,163.8903,152.8115,36.1934,403.4384,167.4319,560.5377,388.9133
2021-07-16,62.9645,173.9085,114.4048,164.4989,152.6721,36.5206,403.4041,166.5298,557.0903,386.7111
2021-07-19,63.0259,173.3642,113.8907,162.7649,151.5927,36.3508,403.3859,165.5343,554.6526,385.1854
2021-07-20,62.2653,171.1615,113.2396,161.0908,149.8419,35.9834,399.0995,161.5175,551.9459,377.5655
2021-07-21,62.5821,172.0935,113.8143,162.3035,150.4512,36.209,399.0502,160.447,554.5858,374.6001
2021-07-22,62.0071,170.4381,113.1144,160.7175,148.8162,35.9771,396.9979,159.2321,549.8316,372.6363
2021-07-23,61.4285,168.5387,112.6322,159.2848,147.9256,35.6545,394.7971,156.8655,548.0308,367.8988
2021-07-26,61.0933,168.3951,112.0733,158.7033,146.8173,35.1624,392.595,156.0405,546.8525,363.7166
2021-07-27,61.2585,169.1577,112.2252,160.4091,147.15,35.5303,393.1909,154.9823,548.1319,361.4681
2021-07-28,61.3589,170.009,112.1471,159.0397,147.7589,35.6762,394.1892,155.4923,549.4562,362.2953
2021-07-29,61.5756,171.0124,112.9547,161.6664,148.741,36.175,395.8732,157.9627,550.5711,367.4436
2021-07-30,61.0339,170.115,112.1723,159.9604,147.7263,36.4169,393.473,158.1029,546.3734,366.7366
2021-08-02,60.7041,170.2715,112.272,160.4394,146.2454,36.2205,391.5555,156.1965,539.7308,366.374
2021-08-03,60.0933,169.458,111.0292,160.1317,144.5881,35.9334,386.7212,153.3306,531.849,358.8606
2021-08-04,60.7173,172.8174,112.7147,162.9538,146.2801,37.275,389.129,152.2951,534.8257,355.6926
2021-08-05,60.3257,172.5408,111.8801,161.4228,144.9587,37.0163,386.46,152.408,532.2136,355.8811
2021-08-06,61.271,174.7758,114.6085,166.1935,147.7338,37.3618,391.7691,153.2635,539.8892,360.3921
2021-08-09,61.2595,175.3365,115.3102,167.0681,147.8993,37.3175,392.2827,153.6851,543.5923,363.3863
2021-08-10,61.4611,176.4141,116.0419,168.687,149.1901,38.0968,395.3166,153.7327,547.5121,364.3009
2021-08-11,61.3986,177.5934,115.6559,167.9026,148.5251,37.5448,394.8968,152.5828,548.4821,361.8524
2021-08-12,60.9487,175.6115,114.8523,167.5647,147.269,37.0195,394.4438,150.883,545.4301,357.5609
2021-08-13,60.5525,174.8597,113.8694,164.7044,146.4115,37.142,390.6665,150.1908,540.5455,355.4729
2021-08-16,60.8101,175.1258,114.4545,164.5722,147.2938,37.2736,394.5002,149.4506,544.3399,352.8431
2021-08-17,61.6053,177.7802,115.7736,165.1244,148.5296,37.5375,399.05,151.1198,552.4164,357.2526
2021-08-18,61.3402,176.8632,115.908,165.2658,148.9117,37.9537,400.0559,151.1241,550.8365,354.2908
2021-08-19,61.4832,177.6157,116.3117,164.3436,149.577,37.8968,400.0716,151.6261,551.9462,354.651
2021-08-20,61.2971,176.082,115.2791,162.1665,148.8672,37.2853,398.4575,151.1295,547.9871,353.2872
2021-08-23,61.639,177.6267,115.7899,161.8276,148.8308,36.8648,398.8803,151.8656,548.345,355.9343
2021-08-24,62.1687,179.3009,116.2622,163.9568,149.1433,37.1106,400.9299,151.4964,551.5008,358.1716
2021-08-25,62.6481,180.7936,117.2203,164.3687,150.2095,37.4401,401.7881,151.1351,554.89,355.7474
2021-08-26,62.4519,181.6388,117.3911,163.3496,150.2774,37.2493,401.7899,151.5592,551.9812,357.8443
2021-08-27,62.2035,180.6397,117.0296,163.0743,149.5685,36.7401,400.3069,151.0176,548.9305,356.665
2021-08-30,62.025,180.3682,116.7111,164.2714,149.1446,36.562,399.1428,151.047,548.4038,357.1092
2021-08-31,61.8516,179.936,115.8308,162.8819,148.302,36.692,398.5126,150.5211,546.2041,356.1175
2021-09-01,60.826,177.0927,114.0162,160.217,146.0533,35.9223,392.8453,150.9329,537.4451,357.424
2021-09-02,60.0317,176.3404,112.6379,159.4525,144.3918,35.3461,387.3043,148.3285,529.4988,351.0067
2021-09-03,60.2014,176.884,112.8152,160.5549,144.8173,35.109,389.0444,149.2371,530.6382,353.159
2021-09-06,61.287,179.6655,114.8355,163.9351,147.4078,35.6006,395.9769,149.428,541.3247,352.4518
2021-09-07,62.3403,184.126,116.6022,165.9525,150.3307,36.3691,402.4513,149.8817,548.8114,352.049
2021-09-08,62.0541,183.0555,115.8997,165.3747,149.6395,36.8282,401.1799,151.2594,547.7601,355.111
2021-09-09,62.4306,182.9875,117.242,165.9869,151.6274,37.3578,405.2009,152.1302,553.2392,355.7603
2021-09-10,63.3353,185.0897,118.2611,166.8477,152.8829,37.6355,406.5343,152.9684,559.3065,359.3243
2021-09-13,63.8725,185.7312,118.2382,168.2533,153.5553,38.0545,406.7573,152.9369,558.7192,360.0443
2021-09-14,63.9508,184.6249,118.0748,169.3315,154.1081,38.3979,405.1632,152.6997,558.1939,361.2778
2021-09-15,64.1872,185.0384,119.4749,171.8505,155.193,38.4764,410.5053,154.0802,562.6773,363.642
2021-09-16,64.3036,185.322,119.9113,170.5117,156.4165,39.4851,413.6825,154.1024,564.1371,364.0775
2021-09-17,64.9204,187.9852,120.9291,170.7603,157.9128,39.8361,418.0782,155.3754,569.3725,367.6815
2021-09-20,64.7889,188.0772,120.0962,168.8591,156.6423,39.6063,415.4638,156.2598,566.9237,368.3457
2021-09-21,63.5874,185.0211,118.376,166.1972,154.0773,39.1623,408.0205,154.2852,561.3,362.2027
2021-09-22,63.2434,183.3637,118.1237,164.5929,153.6816,39.175,405.3842,152.3545,558.8484,358.775
2021-09-23,63.8839,185.8777,119.4461,166.2452,155.5044,40.1027,411.1492,152.743,561.9314,359.1084
2021-09-24,64.5346,188.8188,120.6258,169.7268,156.5133,40.1599,414.1284,155.03,568.0765,365.1547
2021-09-27,64.324,188.4998,120.5465,170.0204,156.1012,40.3112,410.5828,155.0167,566.527,366.0423
2021-09-28,64.2113,188.4878,120.393,170.0205,156.5005,40.4624,412.4645,155.5257,570.4846,364.9609
2021-09-29,64.9898,189.8106,121.4853,170.5649,158.0457,41.1642,418.2666,158.6264,578.4978,370.9568
2021-09-30,64.4744,189.101,120.1994,167.0547,157.2005,40.8847,415.4527,157.9263,572.0918,370.2862
2021-10-01,64.5237,190.5986,120.164,165.778,157.4184,40.8239,416.6177,157.8605,573.4088,370.1431
2021-10-04,65.4317,193.5306,121.3149,165.7351,159.4192,41.5594,423.5584,158.1349,579.8016,371.9641
2021-10-05,65.3772,192.9102,120.7962,165.0795,159.9632,41.8137,423.8143,157.1608,580.1023,370.3432
2021-10-06,65.6228,193.5094,121.1382,165.9428,160.7253,41.7282,424.4527,156.6454,584.0801,369.4429
2021-10-07,66.2004,194.8848,121.7485,165.8406,162.144,42.5334,426.9827,158.6132,589.466,373.8711
2021-10-08,66.8144,196.4089,122.7644,167.4146,162.9539,42.9864,431.2072,158.5506,595.6652,374.8406
2021-10-11,67.7203,199.5883,124.1802,170.9034,164.9287,43.4553,436.6713,159.0455,603.4389,377.4511
2021-10-12,68.3096,201.5504,124.7188,173.6953,166.1457,43.5963,438.2501,160.1854,610.6279,376.8609
2021-10-13,68.6517,203.3748,125.5136,175.6456,167.9235,44.1678,440.5825,161.9086,614.6828,379.5628
2021-10-14,67.2989,199.6634,123.4907,172.5494,164.5476,43.5534,431.5257,158.9798,601.2699,371.5168
2021-10-15,67.5729,199.7845,123.9004,173.9075,164.8028,43.0648,435.1405,160.4829,601.4686,374.0722
2021-10-18,66.6359,196.62,122.6733,173.5356,163.111,42.7731,432.4673,159.7068,597.0441,372.3048
2021-10-19,65.9873,194.2684,121.3109,169.497,160.978,42.4626,427.4815,157.1679,590.077,368.2475
2021-10-20,66.0596,194.336,121.1957,170.8438,161.1446,41.712,428.3452,157.4578,591.1688,369.5149
2021-10-21,66.045,195.6931,121.4784,170.6956,161.9623,41.9788,428.3163,158.694,591.8741,369.4831
2021-10-22,66.9878,200.0449,122.8727,172.1605,164.072,42.735,435.0227,158.4197,599.7495,369.0922
2021-10-25,66.3827,198.9022,121.6454,170.027,161.3552,42.2583,433.6227,158.5158,592.3776,369.3394
2021-10-26,66.1734,198.3692,120.7687,169.0895,159.9808,42.1863,429.7062,159.6671,589.934,369.504
2021-10-27,65.9338,196.5774,120.3348,167.3443,159.3482,41.9178,428.2345,159.4332,587.5804,368.4661
2021-10-28,65.9322,196.7458,119.7589,166.2352,158.3716,41.3285,428.3648,160.2936,587.6196,373.1412
2021-10-29,66.491,197.7873,120.6445,168.0301,159.368,40.9811,432.3735,161.4147,592.7361,373.7866
2021-11-01,67.0985,200.9004,122.0683,170.2963,160.177,41.5401,439.1137,161.7526,597.762,375.196
2021-11-02,67.408,200.5346,123.3495,172.5313,162.2886,42.2974,445.55,162.6531,599.0245,377.1301
2021-11-03,67.5226,201.1846,123.3269,172.1637,163.1353,42.9062,445.9356,163.4498,598.1323,378.4285
2021-11-04,66.8292,198.4236,122.1943,171.2467,161.1211,42.1575,442.7478,162.849,598.1005,376.8725
2021-11-05,67.139,199.3358,122.395,172.6272,161.4158,42.5032,443.4216,163.0593,600.7136,375.4737
2021-11-08,67.5032,200.9518,123.1292,174.7354,161.3403,41.9767,443.6087,162.683,604.0658,373.1903
2021-11-09,67.4122,201.5029,122.5346,174.313,160.8823,41.5733,442.7959,163.7055,602.0317,374.927
2021-11-10,66.9317,200.0183,121.3442,173.5439,160.2171,41.4517,439.958,162.6725,597.3838,371.581
2021-11-11,66.9181,200.5874,122.0408,175.485,160.0738,41.6368,440.1944,161.5478,596.4738,368.7243
2021-11-12,66.6936,199.3855,121.9974,178.2605,160.0171,42.1857,439.2708,160.7533,594.4772,368.6137
2021-11-15,68.4014,204.692,124.5116,183.381,163.7775,43.0442,450.2453,163.8615,609.1293,375.3173
2021-11-16,69.2478,208.0572,125.8318,185.2852,166.2718,43.3653,455.2064,162.6774,618.7474,374.7126
2021-11-17,68.8269,207.0675,124.4648,182.2129,164.3402,42.5731,451.7073,161.9854,615.6953,373.9242
2021-11-18,68.0488,204.2936,122.9991,179.7214,162.1608,41.8059,446.4971,161.2143,606.8557,373.2301
2021-11-19,67.2384,201.6354,121.5121,177.1309,159.9338,41.9999,440.7902,160.4807,598.2486,371.7398
2021-11-22,66.7743,201.0586,120.5992,176.3004,158.8572,41.9847,439.9883,159.4454,596.7738,368.6516
2021-11-23,66.5518,199.5157,120.2832,175.0876,159.1193,42.4265,438.3326,159.4176,595.0927,371.3825
2021-11-24,67.8869,202.7506,122.5008,179.6941,162.1992,43.1237,444.3788,160.2024,604.5544,375.8668
2021-11-25,67.6348,202.4846,121.4409,176.6142,160.9103,42.7975,443.4723,159.7038,601.9646,373.9641
2021-11-26,67.8035,202.6334,121.6612,175.2195,161.6343,43.2216,444.7095,159.8005,603.927,374.0349
2021-11-29,66.8985,198.7699,120.0222,172.6486,159.2027,42.4316,438.9085,157.1456,596.2556,368.2535
2021-11-30,66.841,199.6751,119.6654,171.2521,159.8152,42.4875,438.4785,157.927,594.7493,370.9673
2021-12-01,66.3779,197.4213,118.7558,168.6336,158.762,41.9942,436.5513,155.7353,589.9649,367.0164
2021-12-02,66.2362,196.843,118.0984,167.0324,158.1284,41.6855,436.2787,155.5448,586.921,365.9571
2021-12-03,67.0589,198.7948,118.6149,167.02,158.4843,41.791,439.5853,155.6024,585.9516,365.3615
2021-12-06,66.2778,196.2451,117.1097,164.8474,156.5378,41.0326,434.288,155.7296,578.6498,366.993
2021-12-07,64.9748,191.7075,114.7799,160.8705,153.301,40.3183,424.1932,155.8726,567.5798,368.2464
2021-12-08,63.9534,189.2339,113.4652,158.4595,151.166,39.8753,421.0133,153.8692,559.1358,363.1155
2021-12-09,64.7975,191.8165,115.1558,160.8873,153.2645,40.3431,427.9789,154.772,567.6243,365.3852
2021-12-10,64.7164,192.3316,114.2223,160.518,152.2944,39.8359,425.6327,153.6241,566.3524,359.4671
2021-12-13,64.5261,191.2994,113.9264,161.5085,151.0187,39.5521,425.9221,153.1216,560.4569,360.777
2021-12-14,64.4228,192.6297,115.0059,163.2297,152.255,39.6989,429.7538,155.3687,565.9277,366.5162
2021-12-15,66.1514,196.2971,117.8094,167.5562,155.5294,40.5247,442.2799,158.3062,582.8434,375.0861
2021-12-16,66.4271,195.8695,117.9798,167.6216,155.0381,40.7596,443.5588,155.671,582.8401,370.0277
2021-12-17,66.1255,196.3521,117.7089,167.7087,154.9976,40.343,442.4208,156.2564,580.4124,371.0476
2021-12-20,66.9235,199.0989,119.0759,170.1129,156.2429,41.3639,446.5925,155.2485,586.0394,367.796
2021-12-21,67.3739,200.7129,121.0349,174.3779,159.0108,42.0353,453.2941,157.9418,592.7954,372.8497
2021-12-22,66.828,199.4301,120.0386,170.9514,157.2841,41.7389,450.3606,159.5745,587.9538,377.3325
2021-12-23,66.9865,200.3604,120.1942,170.9389,157.7563,41.6066,451.1035,159.5573,588.9825,377.767
2021-12-24,67.0992,200.9383,120.4372,171.6439,158.7159,42.2311,455.0494,160.4754,592.5484,381.3168
2021-12-27,67.3962,201.0494,121.1877,172.7184,159.5947,42.4106,456.5746,160.3359,593.6433,380.1701
2021-12-28,67.9687,203.4219,121.9024,172.7912,160.7873,42.5771,457.7411,158.683,597.053,374.5857
2021-12-29,67.1353,201.4595,120.0708,168.7966,158.6134,41.837,451.6225,158.1414,588.421,374.151
2021-12-30,66.2131,199.8306,118.6805,167.5927,156.2122,41.1466,444.5275,156.6979,578.7231,370.9932
2021-12-31,65.6813,199.6293,117.6434,165.3319,154.8838,40.951,440.5328,155.405,573.4334,367.1034
2022-01-03,65.1706,198.3394,117.1424,162.8826,154.6203,40.9414,439.4786,156.9812,572.3325,370.9746
2022-01-04,65.3243,197.8331,117.3715,164.0518,153.9502,40.7598,440.8763,158.3277,572.9924,372.5056
2022-01-05,64.8294,197.7313,115.8221,162.2678,152.4992,40.1655,436.2685,158.1519,564.928,372.0896
2022-01-06,64.899,197.1393,115.5973,161.8309,152.2417,39.855,434.9922,158.4503,565.435,374.4556
2022-01-07,64.8685,197.313,116.0713,161.6251,152.5183,39.7769,436.0169,159.4081,566.7665,376.4896
2022-01-10,65.4624,198.9152,117.8106,164.0086,154.5825,40.4368,442.2697,161.3713,575.2342,380.759
2022-01-11,66.1389,200.6249,119.5404,167.7082,156.4107,41.1082,447.8606,161.7872,583.1776,382.0498
2022-01-12,65.6555,199.7685,119.8728,166.567,156.9468,41.5058,449.1027,162.0345,583.1321,383.5426
2022-01-13,65.5612,199.6766,119.6948,164.7589,157.9533,41.7582,448.7596,162.1567,583.9762,384.5796
2022-01-14,64.9667,198.2726,117.621,161.2111,156.9324,41.6293,442.2903,160.7467,577.5506,382.552
2022-01-17,64.2574,195.4691,116.4329,159.5085,155.5565,41.2269,438.433,160.0391,574.7508,380.3037
2022-01-18,64.3213,195.5274,116.5494,159.1982,155.6679,40.6839,438.2701,158.332,574.5001,377.1465
2022-01-19,64.969,196.8893,117.199,160.7309,157.2718,41.0111,443.2213,160.2676,580.2646,382.9234
2022-01-20,65.5398,198.4611,118.2995,163.3494,158.5154,41.1952,449.2566,162.2766,586.864,388.3616
2022-01-21,65.1527,197.1951,117.7645,162.8607,157.1387,40.5171,448.9627,160.9065,585.6758,382.6614
2022-01-24,64.3487,196.2037,117.1019,162.4623,155.7898,40.0046,445.2963,160.2051,581.5926,381.2167
2022-01-25,63.9061,194.6522,116.2342,161.4859,155.1499,39.8916,443.4383,159.0013,577.5333,378.9738
2022-01-26,64.5488,194.9453,117.2493,162.9481,156.1968,39.7849,446.5943,159.2471,582.6498,377.2985
2022-01-27,64.8643,196.9942,117.7265,162.366,156.4347,39.6166,449.283,158.838,585.0973,377.004
2022-01-28,64.7027,196.8571,117.4302,160.9493,156.1301,40.036,446.6597,159.5618,582.1435,379.5155
2022-01-31,64.3336,195.6316,116.607,158.4975,155.1451,39.289,443.7025,157.4561,576.3718,377.1466
2022-02-01,64.4364,195.6017,117.156,159.1243,156.0152,39.4405,447.8895,157.8965,574.8829,376.8325
2022-02-02,64.9109,196.297,117.6897,160.0939,156.482,39.1852,451.262,158.4405,576.4417,379.9737
2022-02-03,64.5688,196.7821,116.9049,157.6178,156.015,38.8399,447.5654,158.114,574.4215,380.184
2022-02-04,63.9209,194.848,115.8727,156.2527,153.9777,38.2973,443.6132,158.5391,568.0547,381.3924
2022-02-07,63.9998,193.7372,115.8058,155.3419,153.2499,37.8252,443.2591,159.0638,571.1784,382.5162
2022-02-08,64.1247,194.3698,116.4444,155.2253,153.628,38.0884,443.0015,159.1027,573.5395,383.3107
2022-02-09,64.1222,195.3022,116.6843,154.9722,153.4406,38.4577,446.1991,158.3,574.4951,382.3816
2022-02-10,64.1647,195.5541,116.8689,154.1846,153.2706,38.6768,447.3504,158.7853,571.1446,383.2254
2022-02-11,64.4924,195.8453,117.7209,155.909,154.2767,39.2382,450.8419,158.8862,575.0679,384.3116
2022-02-14,65.0044,196.6189,118.6562,157.0266,155.2022,39.0286,453.2582,159.8912,582.7427,386.5415
2022-02-15,65.5686,197.5993,119.5003,158.9528,156.2333,39.1986,456.8737,161.7945,590.0697,392.5699
2022-02-16,64.6812,196.1149,117.7369,156.1214,154.5761,38.9489,454.0133,160.6438,583.4953,389.7984
2022-02-17,65.2108,197.664,119.103,157.6036,155.8578,39.5302,458.4117,160.5807,587.3289,389.0892
2022-02-18,65.911,198.4495,120.6597,161.5312,158.0477,40.6235,461.0327,161.3198,593.2026,393.3401
2022-02-21,65.4559,197.3822,119.959,159.009,157.3625,40.8036,461.0974,162.4926,589.9999,394.8922
2022-02-22,65.103,196.4289,119.2236,159.2275,155.7109,40.6875,458.3113,161.8878,588.9542,393.2605
2022-02-23,64.9295,195.5539,117.9996,159.1158,154.4309,41.2292,457.2957,157.6071,589.9118,384.1114
2022-02-24,64.8569,194.5397,117.4963,159.1463,153.9172,41.1306,457.0826,158.8151,588.4822,390.2675
2022-02-25,65.051,194.2931,118.4193,160.1164,154.0242,41.0627,459.9768,161.4013,590.7707,395.791
2022-02-28,64.6158,193.8342,116.9515,159.4317,151.5871,40.5026,455.4506,158.9724,586.3291,387.2689
2022-03-01,65.054,195.3417,117.9635,160.5427,153.1339,40.5969,458.52,158.5418,589.1085,387.6475
2022-03-02,64.8178,195.0055,117.1625,158.7463,152.3834,40.4297,456.6668,159.0186,587.8815,388.3536
2022-03-03,64.4487,194.0852,116.6605,157.678,152.3642,39.8702,455.4466,158.6253,586.5793,387.4916
2022-03-04,63.5679,191.6836,115.5885,155.6524,150.9117,39.3421,452.3678,157.0575,579.7481,383.6208
2022-03-07,63.3375,190.6314,115.0217,153.9892,150.0828,39.1007,449.5641,158.1406,576.1864,385.7755
2022-03-08,63.8763,192.095,115.858,156.1792,150.2472,39.4398,450.5026,157.9491,577.4379,387.1949
2022-03-09,64.9955,196.3735,117.6744,157.9671,152.9491,40.4715,459.1008,157.4856,588.7455,387.3978
2022-03-10,65.6849,199.5825,119.1798,160.0204,154.985,40.6684,464.6175,159.4018,599.9603,391.3367
2022-03-11,66.586,201.3338,119.3492,158.8725,155.6026,41.506,466.9886,160.0092,604.2816,390.5353
2022-03-14,66.5773,201.1401,119.3777,158.941,155.7867,41.6019,466.9617,160.6047,604.4126,393.2646
2022-03-15,67.2548,203.87,120.3351,159.1465,156.8975,41.9642,471.9808,163.6639,610.2177,400.5453
2022-03-16,67.4645,206.0512,119.719,157.1899,156.1841,41.2457,469.9266,164.2269,610.0056,403.1046
2022-03-17,67.0576,206.2736,118.3694,155.2632,154.4131,40.5993,465.4418,165.4513,604.188,407.3353
2022-03-18,66.782,204.7727,117.7159,155.3626,153.1929,40.6343,461.6667,165.0584,598.899,407.4881
2022-03-21,66.2416,204.1544,116.6431,154.3116,151.8865,40.3599,457.962,165.2244,594.3498,408.8632
2022-03-22,65.1174,200.7367,114.8874,152.3846,149.9911,39.9156,452.4177,165.086,584.3415,410.8751
2022-03-23,65.0471,201.3596,114.7983,152.1442,149.7175,39.9189,454.965,166.0229,584.4659,417.7184
2022-03-24,64.8759,201.4637,114.5084,151.4432,149.769,39.4736,455.6512,165.3038,584.1818,415.746
2022-03-25,65.1832,201.3972,115.2932,153.238,150.5326,39.6341,458.794,166.6779,587.004,417.8763
2022-03-28,65.8168,203.8027,115.1247,152.4912,150.9425,40.1869,461.2945,166.627,589.6452,417.6701
2022-03-29,66.592,207.0344,116.1236,154.6265,152.6447,40.9719,465.2487,166.6281,596.9487,419.6593
2022-03-30,67.2166,208.9593,117.2,157.2649,154.0623,41.292,469.6663,167.1281,600.5071,422.032
2022-03-31,67.5644,209.8337,118.1502,157.7798,155.0047,42.0547,473.9067,169.2421,607.36,427.9104
2022-04-01,68.1328,210.2728,118.87,158.1098,156.2502,41.9509,478.6504,170.0036,612.4298,430.3685
2022-04-04,67.9187,210.1863,117.5255,155.7573,155.2565,41.3746,476.665,169.825,609.8908,430.8805
2022-04-05,67.7565,209.8593,117.016,153.703,154.7516,41.8663,475.1588,169.5763,608.821,429.218
2022-04-06,67.4833,208.2434,116.3425,152.3622,153.9672,41.8578,473.8677,168.5791,605.4372,427.0675
2022-04-07,67.3373,207.5223,116.1027,153.2306,153.4423,41.6259,475.4532,169.6552,604.0387,429.4663
2022-04-08,67.972,209.6079,117.2306,153.7962,154.6081,41.9077,480.0073,171.5208,607.0691,433.6722
2022-04-11,67.2876,207.0343,116.68,154.274,154.0653,41.4993,479.3746,174.8314,605.9281,441.3385
2022-04-12,66.6377,205.0368,115.5416,152.3272,152.2265,41.1195,473.822,173.6741,600.4938,439.0166
2022-04-13,66.7087,203.8236,114.9272,153.4268,151.2619,40.9365,470.064,171.7214,596.1904,436.9529
2022-04-14,66.5458,204.4262,115.5372,153.6358,151.9635,41.1234,470.1835,170.4327,598.7681,436.7496
2022-04-15,65.7292,201.9305,114.1579,151.616,150.287,40.3165,465.1062,168.7643,588.0684,431.549
2022-04-18,65.4734,200.2621,113.9488,150.5058,149.5156,40.2049,463.972,168.5097,585.3129,429.2785
2022-04-19,65.7512,199.1428,114.5163,150.655,150.123,40.1895,464.9369,169.045,590.1858,432.8215
2022-04-20,66.6167,202.5966,115.8931,153.7505,151.9933,40.3455,469.7092,170.7002,596.6526,437.4653
2022-04-21,67.5227,205.8108,116.917,155.5922,153.0128,41.0161,475.8919,172.2598,602.9727,441.7531
2022-04-22,67.0237,204.4621,115.0189,153.9384,152.2102,41.5263,470.8334,169.8274,597.0541,437.0915
2022-04-25,66.9575,204.9671,114.7953,152.4223,151.1095,41.8868,470.0186,169.9057,591.1599,439.3365
2022-04-26,67.6034,207.658,115.9988,154.675,152.1636,42.3842,474.3164,173.022,595.7892,446.245
2022-04-27,68.0855,209.3017,116.1539,153.9878,152.0494,42.2641,473.7665,174.37,597.4034,450.1461
2022-04-28,69.2302,212.6043,117.9062,155.1313,155.4234,43.1303,481.668,175.7616,606.3984,450.4519
2022-04-29,68.3854,209.6596,116.8073,153.8626,154.0452,42.9059,476.0553,173.1294,598.2166,443.9363
2022-05-02,67.682,207.8527,116.0083,152.9883,153.4887,42.6151,472.3322,171.4329,591.148,438.9913
2022-05-03,67.2287,207.6177,115.5442,152.4068,152.8535,42.8978,469.6164,174.479,585.5166,444.5291
2022-05-04,66.7336,206.0039,114.5082,151.6509,150.3786,41.5554,465.266,171.78,581.3719,438.0079
2022-05-05,66.5599,206.6847,115.3794,153.6426,150.7446,41.553,464.9954,173.343,583.7257,442.6858
2022-05-06,66.6376,207.2352,116.1712,156.0993,151.6773,42.066,466.3069,174.256,586.0413,442.7105
2022-05-09,67.5633,210.4342,117.6382,157.0046,153.5517,42.2729,471.4504,176.301,593.538,447.1117
2022-05-10,67.2323,211.4277,116.4314,156.7522,152.4597,41.9066,467.6083,175.0242,589.1589,445.0232
2022-05-11,67.7254,214.3908,117.7164,160.335,153.4006,42.353,469.5556,175.2156,591.81,444.6895
2022-05-12,67.9144,216.4376,118.2443,160.722,154.2447,43.0946,470.9109,175.9531,591.4087,450.6688
2022-05-13,67.5982,214.7436,118.1762,159.0268,153.518,42.4599,471.6786,177.4173,590.5054,452.8667
2022-05-16,68.065,218.1309,119.6901,159.7935,154.4634,42.2434,473.1011,178.0387,594.8343,456.1537
2022-05-17,68.292,218.7864,120.0069,159.7858,154.4763,41.9282,473.7694,178.0715,596.8242,453.4357
2022-05-18,68.3021,218.6197,120.1468,161.9227,154.9442,41.5348,477.6923,177.1264,600.25,452.6562
2022-05-19,68.2638,216.6179,119.7242,161.3526,154.5799,40.9587,476.6995,176.3735,596.3806,449.9446
2022-05-20,68.7418,218.4198,119.9037,161.0045,154.7479,40.6832,478.3727,175.4311,599.3063,450.5511
2022-05-23,69.1732,218.8402,120.1877,160.7349,155.3442,41.237,479.8388,175.2405,600.9946,449.6322
2022-05-24,70.099,222.1315,121.3259,161.02,156.94,41.5355,486.0221,178.0384,607.5182,452.4944
2022-05-25,69.5967,219.5176,120.0802,160.1557,155.3057,41.1348,483.8839,177.7239,601.9296,449.7832
2022-05-26,69.6286,221.2031,119.6187,159.4335,155.0396,40.7552,483.0082,177.8648,600.6872,450.2051
2022-05-27,70.4342,224.2567,121.2226,163.6852,156.453,41.3169,486.7104,180.961,601.9697,459.1752
2022-05-30,69.4844,223.2592,120.2547,162.9523,154.779,41.5151,480.7555,183.0766,598.58,465.7566
2022-05-31,69.094,221.0981,119.9989,163.4069,154.5535,41.1644,480.1997,180.6169,598.2806,458.5253
2022-06-01,69.2532,222.9852,120.9508,164.5031,155.1863,41.8986,480.1658,180.8247,598.0873,456.451
2022-06-02,69.8562,223.3106,122.1505,165.0997,156.4045,42.3342,484.0922,181.3039,604.0946,458.1797
2022-06-03,70.5277,225.6449,123.2883,165.8126,158.4863,42.8752,486.9212,179.818,608.4843,454.6414
2022-06-06,71.7625,229.0162,125.5685,167.5895,161.3117,43.7407,496.4638,180.3734,618.0511,456.4754
2022-06-07,72.1674,229.896,126.0974,169.2386,161.8732,44.0227,498.1188,181.8536,619.8964,458.7095
2022-06-08,72.9738,231.9853,127.3335,170.5533,163.2163,45.0337,502.6405,182.5161,625.8045,457.8225
2022-06-09,72.82,230.6507,127.7383,172.0925,162.8041,45.113,500.458,181.8669,624.7312,461.203
2022-06-10,73.9986,233.2057,129.792,175.0857,165.2374,45.9518,508.5142,184.805,633.314,468.7076
2022-06-13,73.5427,231.3592,129.1956,173.9511,164.4445,45.5884,505.0031,185.5886,632.5667,470.2138
2022-06-14,73.2113,230.4237,128.9269,172.3648,163.4754,45.6384,502.6219,183.7724,629.8256,464.8841
2022-06-15,74.1844,234.5758,130.4705,174.8068,165.6798,45.8704,510.9821,186.2989,637.7964,472.1454
2022-06-16,73.1309,231.5178,130.143,174.1262,164.8127,45.6821,510.5931,185.2747,636.8642,471.4503
2022-06-17,74.0487,235.5198,131.213,176.5542,165.8981,47.0405,514.2287,188.0328,640.6765,478.2484
2022-06-20,73.9431,233.7974,130.7586,175.1709,165.342,45.9607,515.9567,189.6041,638.694,483.7608
2022-06-21,72.3279,228.2946,127.8371,171.7749,163.2396,45.4901,504.3291,186.2667,626.3031,473.6684
2022-06-22,72.3606,229.0485,127.2802,172.696,162.4281,45.3737,503.7996,183.742,622.0739,468.2107
2022-06-23,71.6048,226.9675,125.9164,171.0699,160.1474,44.6866,497.3215,179.7188,616.4319,458.9683
2022-06-24,71.3811,225.4802,124.9497,170.5188,158.8588,44.2725,495.2853,179.4809,613.0213,455.3655
2022-06-27,71.0576,225.2987,124.3529,170.2633,158.4947,44.2084,492.3631,179.4685,611.7674,457.2286
2022-06-28,71.5398,226.346,124.8733,172.9558,159.4875,44.3819,494.4546,179.484,614.7279,456.3522
2022-06-29,72.4246,228.434,126.8645,176.1895,161.2361,44.9237,500.8351,181.7557,623.2537,463.1524
2022-06-30,72.1285,227.9435,126.5067,176.4169,161.1427,44.7242,498.1535,181.9423,617.4946,460.0923
2022-07-01,71.4161,225.6977,123.743,172.411,159.3275,44.9671,493.1157,179.6833,608.9343,454.7435
2022-07-04,71.3882,225.1384,123.7139,171.5703,159.0263,44.7959,491.8239,178.0692,606.6068,452.8239
2022-07-05,71.0366,223.531,122.9221,169.2083,158.1571,44.7668,490.0247,176.2623,603.7475,448.0742
2022-07-06,70.6432,221.3438,122.088,169.3079,157.0061,44.22,487.0911,177.0698,596.4615,450.1951
2022-07-07,71.7328,224.4023,122.8518,169.3713,158.4982,44.9534,487.6148,178.6429,597.0039,453.0355
2022-07-08,72.1787,226.793,123.5098,171.0696,159.5186,45.4945,489.7876,177.6644,601.7314,448.2889
2022-07-11,71.9966,226.4422,123.1151,170.9326,158.7173,45.4295,488.5102,179.2616,600.8037,452.2356
2022-07-12,71.9063,227.027,122.917,171.5916,158.419,44.9772,488.4154,179.6976,599.5019,453.3693
2022-07-13,72.0934,228.088,123.2571,171.5501,159.2367,44.9265,489.9447,179.5854,596.2641,455.6519
2022-07-14,71.3089,225.0544,122.1198,169.1155,157.8939,45.1717,485.1947,178.8149,589.0667,453.4505
2022-07-15,71.2339,223.3394,122.3006,169.7584,158.0715,44.9447,484.7084,178.0075,589.0558,452.8828
2022-07-18,70.3497,219.751,121.4265,168.2136,156.8144,44.8343,479.428,177.8855,583.3189,453.7856
2022-07-19,70.731,220.3497,122.7531,168.855,158.3513,44.9109,484.2265,178.7978,591.2838,456.2839
2022-07-20,70.7383,219.7136,122.2896,170.166,158.6877,45.3661,484.6655,178.3648,592.0493,454.9471
2022-07-21,70.9007,221.0837,122.9215,170.2614,159.43,45.3181,485.5811,179.9887,593.6668,459.8504
2022-07-22,70.2022,219.7573,121.0458,166.5899,157.4617,44.4427,478.6411,179.3499,583.3315,459.7464
2022-07-25,69.9193,220.8167,120.626,165.7538,156.7154,43.9911,476.7911,179.201,579.557,458.8793
2022-07-26,70.6107,222.32,121.805,168.686,158.3651,44.2345,481.9883,180.5395,586.9971,458.7631
2022-07-27,68.643,217.5101,118.3257,161.6105,154.2488,43.2814,468.5788,178.5626,571.067,455.3685
2022-07-28,68.1502,217.3273,117.6189,161.7477,152.7232,42.8985,464.4147,176.146,565.002,451.4525
2022-07-29,67.3034,214.4278,115.536,157.9321,150.2773,41.877,453.7852,175.4438,556.9147,449.0752
2022-08-01,66.5971,212.5798,114.7372,157.0565,149.9767,41.7881,448.1714,173.9181,553.7822,446.4921
2022-08-02,65.994,211.7029,113.9223,155.2767,148.0709,40.9075,443.0848,174.2163,549.9656,449.0981
2022-08-03,66.698,213.9106,114.6225,158.1385,149.5894,41.5192,447.9674,176.7393,555.9522,455.3294
2022-08-04,66.6197,213.5429,114.778,158.478,149.477,41.7649,448.1447,175.7825,557.7485,453.9337
2022-08-05,67.4455,215.6481,115.6345,159.0191,151.2272,42.2212,452.4984,176.8198,565.8908,453.1139
2022-08-08,68.1921,215.9867,116.3748,159.7789,153.006,42.7858,455.3993,177.8884,568.8894,456.5438
2022-08-09,68.9749,218.5278,117.3587,161.2572,154.3496,43.7516,459.8141,179.4495,574.9533,460.302
2022-08-10,68.334,215.8834,116.3589,160.0129,152.943,43.3181,455.9268,179.1068,570.3372,457.85
2022-08-11,69.4379,218.4292,118.346,163.2573,155.314,43.625,463.103,178.9765,579.776,458.3684
2022-08-12,69.1428,217.8686,118.0745,162.8703,154.5116,43.6125,461.2492,179.258,579.3427,460.7264
2022-08-15,68.3462,214.112,116.6925,159.583,153.6384,42.987,457.1191,177.5518,574.9947,457.8663
2022-08-16,68.2355,214.4554,116.5584,159.0691,152.8585,42.7077,454.1963,176.3744,574.4446,457.5135
2022-08-17,67.2671,211.8214,114.5496,156.8158,150.5068,41.8821,444.9808,174.0394,563.738,449.1368
2022-08-18,66.9285,210.4181,113.9091,155.2873,149.3655,41.3475,443.2219,172.0232,562.7369,442.3768
2022-08-19,67.0623,210.7851,114.4998,156.7483,149.0799,41.1899,445.0092,172.2065,566.1482,442.3853
2022-08-22,67.3823,210.7851,115.2725,157.8681,150.0695,41.7491,446.6811,172.8451,571.2058,445.2859
2022-08-23,67.5755,212.0247,115.2906,157.6875,149.9357,42.0844,449.1184,175.4701,573.375,451.4461
2022-08-24,66.8756,209.9862,114.654,157.918,149.0152,42.15,445.7043,176.7108,568.9812,455.134
2022-08-25,67.1471,211.0595,115.4306,157.3701,149.4244,42.3739,449.9522,178.5238,571.5612,457.402
2022-08-26,66.4275,209.2174,113.5556,154.1122,146.6017,41.5273,443.1617,178.5607,562.7946,456.5507
2022-08-29,66.3474,208.4288,113.2217,154.7858,146.4209,40.7036,442.8345,177.644,562.0155,456.2353
2022-08-30,66.7114,208.3028,114.0192,157.6303,146.8132,40.9274,447.1033,176.442,562.528,452.7213
2022-08-31,66.1584,207.3686,112.7497,157.9748,144.8863,39.6866,442.3648,175.8839,557.4824,454.1855
2022-09-01,66.8341,210.0644,113.3459,158.8833,146.7735,39.5641,445.2123,176.1845,560.851,453.7964
2022-09-02,67.1929,210.7404,113.9057,160.131,147.4204,39.6784,446.7735,174.2697,563.9376,449.0139
2022-09-05,67.2057,211.1257,114.32,161.5211,147.2375,39.7156,449.055,172.7509,563.7117,446.2261
2022-09-06,66.9359,211.339,114.2554,162.6668,146.6854,39.4315,450.1433,171.361,560.7349,445.2809
2022-09-07,67.7038,214.7393,115.3482,164.5785,148.4922,40.3859,453.6402,170.1568,566.6975,442.2671
2022-09-08,67.9252,214.9555,116.1675,166.7064,149.0554,40.6815,453.4017,170.5866,568.0694,442.0543
2022-09-09,67.5238,212.4165,115.7908,166.6086,148.0329,40.3358,450.838,171.8492,564.2262,444.0291
2022-09-12,67.455,211.0849,116.2081,167.7519,148.5344,40.9169,455.414,171.6474,568.367,445.7633
2022-09-13,67.8147,211.9461,116.7482,167.6288,149.2097,41.6113,456.3831,170.8949,570.2882,443.7828
2022-09-14,68.1994,214.3991,117.5787,168.524,150.4416,42.11,456.9241,173.6426,577.3539,451.9727
2022-09-15,67.4249,211.3473,116.5198,166.438,148.982,41.4638,455.8519,173.7325,573.1356,452.4389
2022-09-16,67.703,211.7134,116.8475,165.7338,150.2149,41.6061,457.5477,171.5683,573.0094,447.3338
2022-09-19,68.5094,213.7072,118.0142,165.7874,151.2418,41.3944,462.353,172.1382,576.5881,446.9236
2022-09-20,68.5368,213.3385,116.8875,163.7407,150.4035,41.1624,459.5937,171.1597,575.0185,443.5912
2022-09-21,69.2927,215.6818,118.2659,165.4675,151.6613,41.1423,466.1296,172.4564,581.4164,446.6745
2022-09-22,69.3531,214.7671,118.4461,165.8317,151.5065,40.9944,465.4113,174.1984,580.7704,449.6989
2022-09-23,69.0262,214.6841,118.5535,166.5411,150.8972,40.923,463.5988,172.9808,581.102,447.4059
2022-09-26,69.4368,215.8361,118.8008,167.0874,151.4685,40.4235,466.3211,173.2266,583.9616,449.076
2022-09-27,69.9145,219.4868,119.4341,167.746,152.2685,40.2176,466.4531,176.3144,588.7917,458.0668
2022-09-28,70.8831,221.4852,121.188,169.3514,154.3289,40.5696,473.5418,176.1108,599.5185,458.8279
2022-09-29,71.6226,225.2239,122.7464,172.5004,156.2339,41.028,478.352,177.2891,606.4367,461.9329
2022-09-30,71.6157,226.4591,123.2093,173.0648,156.6006,40.9573,479.9489,176.0585,611.7363,460.8717
2022-10-03,72.2755,228.1692,124.7921,174.8993,156.8846,40.9392,481.5124,177.8015,610.817,466.947
2022-10-04,71.5883,225.6431,124.0166,173.5857,155.5399,40.377,476.7461,177.4028,605.0413,466.7772
2022-10-05,71.6114,224.8855,123.989,172.7845,155.8517,39.9875,475.6309,178.9443,605.1245,472.0733
2022-10-06,71.3235,223.1676,123.9123,172.1255,155.7537,39.793,475.2834,178.8486,607.3003,473.6398
2022-10-07,71.2531,222.9468,123.8633,171.4757,155.7942,39.735,475.1955,177.0749,610.3011,468.7316
2022-10-10,71.1758,222.7233,124.1269,171.5556,155.1384,39.478,473.2904,175.4531,612.4052,465.3043
2022-10-11,69.834,217.1285,121.3438,168.2558,151.7463,38.6921,464.5196,173.391,599.6456,459.654
2022-10-12,69.3279,217.5417,120.0204,166.7728,149.9019,38.3736,460.1865,171.3351,593.4252,451.7563
2022-10-13,68.9177,216.0301,119.0741,166.9609,148.9863,38.3595,455.7353,170.1619,587.265,448.7723
2022-10-14,69.0054,216.3617,119.3867,168.6341,149.1077,38.1951,452.8775,170.9956,585.7406,449.6083
2022-10-17,68.6214,214.6195,118.0105,168.5997,147.7732,37.3959,450.1708,171.3407,583.1662,450.2958
2022-10-18,70.2068,219.3434,120.7238,173.1739,150.5712,38.4575,458.0782,172.5638,594.6502,454.3113
2022-10-19,71.274,222.3592,122.3997,176.2238,152.4702,39.0383,464.6529,172.0807,603.0102,453.0328
2022-10-20,71.204,222.1383,121.8961,174.9646,152.1102,38.6544,463.6361,170.514,603.3569,449.1665
2022-10-21,71.3333,222.5285,120.6124,173.9268,152.1392,38.7474,462.5236,171.7798,599.5577,454.9664
2022-10-24,71.6974,224.3858,120.3303,172.8261,152.3318,39.1268,465.0463,169.9563,600.9513,453.725
2022-10-25,71.8826,225.1697,120.4003,171.4107,153.4058,39.9375,466.1369,170.2845,599.4019,455.4287
2022-10-26,71.1391,223.4695,119.5699,171.759,152.8508,39.8801,464.3309,171.2733,595.0028,457.8522
2022-10-27,71.2659,223.8591,120.3058,171.5572,154.1023,40.5324,466.8123,171.2402,596.604,461.1472
2022-10-28,71.2416,223.9898,120.2243,171.8895,154.2621,40.1816,467.1386,168.2002,596.1988,452.1951
2022-10-31,72.1358,226.5825,121.0556,172.2019,155.6524,40.5139,469.4643,168.0628,602.7833,451.8493
2022-11-01,71.6892,226.085,120.1904,172.0938,154.9464,40.2314,466.2603,168.4347,599.5191,452.7174
2022-11-02,72.0574,227.5396,120.4354,173.7668,155.1002,40.3798,466.9056,167.4469,600.3816,450.9283
2022-11-03,74.1347,233.9513,123.5524,178.9681,159.7192,42.0601,480.3056,168.761,616.2253,453.3303
2022-11-04,74.9085,236.2156,124.3897,181.5702,161.1626,42.506,483.8519,169.9044,620.3848,458.1942
2022-11-07,74.6542,235.3109,123.9146,180.864,160.3964,41.9977,481.5726,171.6242,617.8815,463.1182
2022-11-08,74.4455,234.6817,123.6766,182.9423,160.3363,41.5606,481.507,172.7184,617.2849,468.3564
2022-11-09,74.7898,235.7137,123.7846,183.9283,161.658,42.4411,484.7055,173.4797,618.5649,472.0204
2022-11-10,73.9804,232.6424,122.4729,180.9408,159.5423,42.0859,480.171,173.413,611.6401,473.9333
2022-11-11,73.7639,232.6722,122.6567,181.2963,159.985,42.3483,480.7387,173.4976,611.3331,474.4237
2022-11-14,73.8554,233.7339,122.849,181.4229,160.2264,42.2926,480.1331,173.4112,614.6376,473.2899
2022-11-15,73.8666,235.4431,122.3754,180.4313,159.3873,42.1724,477.4387,176.3957,613.1181,480.6774
2022-11-16,73.6886,234.3093,122.2122,178.4009,158.5862,41.6409,473.4378,176.1956,609.5516,480.243
2022-11-17,73.9225,235.6805,122.6298,179.4448,158.162,41.664,474.0532,175.3881,610.4993,476.1571
2022-11-18,74.2325,234.8685,123.1554,178.7446,158.9576,41.4714,476.4719,177.4242,612.5297,480.2633
2022-11-21,75.3676,239.2518,124.7484,178.4026,160.3095,41.6864,482.357,178.5447,619.3805,486.3972
2022-11-22,75.0748,236.9378,124.536,177.7226,159.6959,41.3218,479.5136,179.553,615.8645,489.6228
2022-11-23,75.5068,237.3649,125.1219,177.7757,160.9364,40.5559,481.843,179.4247,620.8552,489.778
2022-11-24,74.4246,234.2741,123.7174,174.8147,158.872,39.9506,476.3051,179.9235,613.0588,492.8578
2022-11-25,75.894,238.3063,125.233,173.7556,161.331,40.2473,486.2689,182.2393,625.8195,495.808
2022-11-28,75.1949,235.3958,124.1452,171.3244,159.646,39.7809,483.5989,182.7349,619.5928,497.8566
2022-11-29,74.873,233.9343,123.6249,170.4071,159.0711,39.6453,483.202,181.1114,617.5478,496.3212
2022-11-30,74.4505,233.294,122.2966,167.8816,158.8167,40.1489,479.1296,179.0655,614.3856,488.556
2022-12-01,73.4035,229.1564,120.0778,165.1286,156.4652,39.6806,472.6318,177.4579,604.5279,481.3381
2022-12-02,74.7169,233.2063,121.8678,169.0714,158.8114,40.3533,479.7471,177.8868,616.9167,484.0608
2022-12-05,74.9664,233.6308,122.626,170.683,159.2287,40.6148,481.363,177.2513,619.2579,486.5699
2022-12-06,74.5546,233.1107,121.9384,170.7455,158.3697,40.6894,478.6918,173.9112,616.3843,477.0586
2022-12-07,73.6532,231.0745,119.7911,168.7687,156.5603,40.3942,471.6038,171.7117,612.7819,469.3777
2022-12-08,72.2077,224.8825,116.9588,163.6566,153.0004,39.6103,461.204,169.5675,597.1202,464.6265
2022-12-09,72.4901,226.7081,116.6155,163.5924,153.2594,39.9004,460.3017,168.7951,595.2815,460.595
2022-12-12,73.8377,230.3589,118.7476,167.6721,155.5558,39.6901,469.7605,173.6486,604.5112,473.1533
2022-12-13,74.7131,233.3106,119.6934,168.6062,156.1956,40.5166,473.5903,173.7655,609.899,473.4712
2022-12-14,74.6699,232.3016,119.3934,167.3751,155.8649,40.9527,474.1487,174.7935,604.9614,474.0593
2022-12-15,75.0848,233.9392,119.9214,168.6734,156.4342,41.1662,475.4364,175.2008,609.4906,476.0109
2022-12-16,74.343,234.0041,118.5705,165.2412,154.863,40.315,472.0481,174.9191,603.1151,474.4782
2022-12-19,75.4003,237.4529,119.6321,165.6801,156.4276,41.0979,475.0474,175.1276,612.2461,476.059
2022-12-20,75.2946,236.684,118.3942,163.2602,154.5079,40.3937,470.0882,176.3136,609.8086,479.9084
2022-12-21,75.9377,238.484,119.3134,165.0113,155.5344,40.8226,472.6009,176.6146,614.1939,479.1598
2022-12-22,76.9065,240.1115,121.135,167.8271,156.7053,40.6947,480.5774,179.356,624.6837,483.9877
2022-12-23,76.7191,240.9189,121.2307,169.0073,156.7258,41.4312,480.0447,180.1217,624.5514,487.0391
2022-12-26,78.0523,245.4124,123.1025,170.7486,159.246,41.5813,487.7875,180.8498,634.4249,488.7783
2022-12-27,78.5524,245.9508,123.7009,170.6021,160.3698,41.8831,487.1239,180.3061,632.8761,488.4296
2022-12-28,79.5713,248.1301,124.8674,172.8018,162.8589,41.785,490.1029,183.8942,638.7361,497.7931
2022-12-29,80.5699,251.2594,126.5166,174.3156,164.1521,42.0862,497.3451,184.7902,645.8759,502.705
2022-12-30,80.0143,250.4587,125.4146,172.1275,161.914,41.3999,495.2032,184.1664,641.7884,500.7263
2023-01-02,79.4296,247.4864,124.5354,168.9916,160.572,41.4492,493.7151,184.5663,634.3252,503.1245
2023-01-03,80.2941,251.297,125.4893,170.6225,162.0867,41.6785,499.5488,187.9941,641.2797,512.8045
2023-01-04,80.8231,252.8598,126.2482,173.2804,163.5321,42.4161,501.059,187.4172,645.5166,512.5861
2023-01-05,82.0356,255.7,127.605,174.1202,165.2526,42.4904,504.7246,186.4679,653.3092,510.3749
2023-01-06,81.4006,253.2463,126.5772,173.7377,164.3885,42.184,501.6147,187.0855,650.8866,510.9838
2023-01-09,82.5638,258.6682,128.8052,176.8254,166.6447,42.6444,508.4381,186.4298,660.4597,508.8129
2023-01-10,82.8866,258.2417,129.2215,175.5446,167.5866,43.0436,510.865,188.2117,663.0777,514.8579
2023-01-11,83.5068,259.4132,129.7231,175.3029,168.4966,43.3934,512.1073,188.3598,663.3748,517.1434
2023-01-12,84.8981,264.7423,131.4232,176.6531,171.2483,44.3216,520.3621,191.2133,673.8208,525.4184
2023-01-13,84.9082,265.0029,130.8198,175.4842,170.7938,44.3044,519.165,189.0972,670.3625,522.7169
2023-01-16,84.0703,261.5588,129.8966,174.6478,168.404,43.9471,514.6207,185.9374,665.3419,515.1287
2023-01-17,83.5627,260.9847,129.3266,175.798,167.7151,43.463,510.469,185.4378,662.4062,513.7828
2023-01-18,83.0896,260.5602,128.3899,172.9947,166.7097,43.3501,508.1397,186.1006,656.0351,515.9991
2023-01-19,82.4718,258.9658,127.0975,170.7041,165.1333,43.5168,502.3996,183.4625,651.2975,509.8285
2023-01-20,82.8793,259.6086,127.2085,169.9416,164.5163,42.7835,504.319,184.1565,656.4065,513.8335
2023-01-23,82.1752,256.9316,126.6253,167.8572,163.4254,42.6805,496.0728,185.7246,652.8896,520.3107
2023-01-24,81.5886,255.3884,126.086,167.2167,162.2546,42.6201,490.1568,188.0936,644.1403,526.8752
2023-01-25,79.9455,248.9352,123.3446,163.4746,158.8314,42.2565,479.2261,186.1215,628.7955,521.4603
2023-01-26,79.9893,250.3979,123.18,161.4829,158.901,42.5204,481.7845,185.8321,628.159,521.6373
2023-01-27,78.8116,248.3949,120.9674,158.5134,156.4109,41.9208,472.4367,185.5412,620.4964,521.2945
2023-01-30,78.8227,248.1955,120.6314,156.9209,155.8203,41.9143,469.8794,184.8093,619.1367,518.6749
2023-01-31,78.9643,248.9958,120.1734,156.3184,155.2001,41.511,467.727,183.043,611.6564,513.9702
2023-02-01,79.2428,251.0619,120.3313,157.7267,156.5105,41.7143,473.0879,182.4241,615.3599,512.9469
2023-02-02,78.8073,251.6429,119.9836,157.6948,156.1033,41.1689,472.4376,183.0153,615.55,516.2155
2023-02-03,78.6715,252.7788,120.604,158.7037,156.6379,41.7971,473.764,180.8895,616.3948,512.1088
2023-02-06,79.7457,254.4575,122.2286,160.3964,158.7968,42.4969,480.0728,180.9786,625.2125,514.9823
2023-02-07,79.9956,254.933,122.7348,161.1453,158.9456,42.2242,480.5368,179.0381,625.9898,510.4439
2023-02-08,80.4054,256.7527,123.3898,162.5797,159.5854,42.4777,482.3232,181.0307,626.2059,515.8466
2023-02-09,80.5671,256.7609,123.2452,162.8363,159.2925,42.7988,482.3232,182.3453,627.2613,520.8635
2023-02-10,80.7949,259.3295,123.2787,162.785,159.6064,43.2208,484.0429,183.3495,628.1898,525.7108
2023-02-13,81.1947,262.3171,124.063,164.0657,160.0792,43.022,485.4208,185.2163,633.403,529.361
2023-02-14,81.3033,261.8121,124.0941,162.8168,160.1066,41.9636,487.0054,185.9431,635.3006,529.2787
2023-02-15,82.2402,264.6568,125.1669,163.5446,160.9827,42.3154,492.7651,188.194,642.9309,535.5265
2023-02-16,82.5604,264.892,126.5258,166.0772,162.1296,42.3005,496.2518,186.661,649.394,532.4388
2023-02-17,82.1212,263.2774,125.9194,166.0945,162.473,42.5972,493.0394,183.7672,647.3956,522.4488
2023-02-20,82.5413,264.3855,127.1416,167.8495,163.6543,43.2187,495.765,183.421,650.3803,519.0721
2023-02-21,82.2734,264.5352,126.209,168.0663,163.0682,43.457,494.9581,182.7181,647.7298,517.8038
2023-02-22,82.4388,264.1268,126.4023,168.8454,164.0692,44.3248,495.5824,182.6514,648.9885,517.3232
2023-02-23,82.2574,260.8013,126.1153,168.2149,163.6452,44.6555,494.1821,183.5835,647.498,518.5488
2023-02-24,82.2791,259.2014,126.5482,167.5788,164.1447,45.4162,495.5678,185.0019,648.7111,522.7098
2023-02-27,81.9595,257.1347,126.5231,168.9971,163.7696,45.8203,494.9825,184.8605,650.0745,519.7009
2023-02-28,81.7955,255.948,125.3707,168.1874,163.168,46.1992,491.3913,184.6276,648.9589,519.7365
2023-03-01,80.8367,253.1371,125.2843,169.8914,162.462,45.9942,490.5188,183.7736,646.9694,517.4411
2023-03-02,81.9738,255.5917,126.0471,173.1941,164.1304,45.9662,496.5663,187.6063,653.1356,527.9063
2023-03-03,82.0109,254.4715,126.6523,172.7118,165.4641,47.25,499.7263,190.8712,658.6584,535.8366
2023-03-06,81.4603,251.8252,125.8082,170.2095,164.3894,46.9821,495.7672,191.9541,653.3671,538.9676
2023-03-07,80.3979,247.4341,124.6283,165.6945,161.9602,46.7799,490.0093,191.2381,649.8966,534.828
2023-03-08,80.3061,246.604,123.8328,165.5148,161.1074,46.3414,488.9431,190.7526,646.8259,531.8506
2023-03-09,80.1959,245.6779,122.6173,164.4883,159.752,46.3268,485.0875,191.6736,644.1715,535.6214
2023-03-10,78.9566,242.5491,121.3242,162.7973,158.7084,45.1475,480.6102,189.1362,638.4558,527.5975
2023-03-13,79.5365,243.3654,122.0802,162.6414,160.048,45.3603,485.5164,188.5072,644.5309,526.286
2023-03-14,79.3574,242.4702,121.7463,162.0967,161.3956,45.687,485.4542,189.1548,644.8003,525.8204
2023-03-15,78.0736,238.0281,119.6646,159.4192,158.4831,45.0699,478.3512,190.0502,633.8962,527.9336
2023-03-16,78.0988,238.8766,119.7873,160.3387,158.5048,45.464,477.9848,189.7685,635.0217,528.0836
2023-03-17,77.3426,236.4177,118.5462,158.8879,157.1091,44.6907,473.8502,185.3832,629.5619,516.0545
2023-03-20,78.6812,241.5224,121.1305,163.105,159.9525,45.6994,484.4879,187.3289,644.4895,524.9685
2023-03-21,78.8216,240.8407,121.2733,163.1816,160.0799,46.185,484.686,188.2488,644.7958,527.7847
2023-03-22,78.3347,239.3057,120.7456,163.606,159.4298,46.8784,481.9701,188.7802,642.8644,527.2084
2023-03-23,79.4642,242.1977,121.6361,165.475,160.3694,47.4081,485.5269,189.0654,652.2479,529.319
2023-03-24,78.3266,237.5625,120.1287,162.2039,158.3827,46.678,478.2871,186.2663,642.344,520.6139
2023-03-27,77.6761,235.5261,119.2925,162.3889,157.6409,45.9999,477.0523,185.8292,640.7979,519.4445
2023-03-28,77.8624,237.7329,119.0365,163.2258,157.9236,46.7575,475.5657,183.915,639.9841,515.4957
2023-03-29,77.4642,235.7117,118.6429,163.125,157.1658,46.8197,473.4431,182.0744,637.3787,509.1434
2023-03-30,78.4653,238.6362,120.0634,165.4154,158.2076,47.1062,476.3898,183.4278,643.3732,513.851
2023-03-31,79.4813,240.4607,121.1539,168.6329,159.5431,46.8726,480.4662,185.4363,647.8017,520.8622
2023-04-03,79.1618,238.1001,120.9359,166.6789,158.5824,46.2585,478.322,182.3006,645.8619,512.5703
2023-04-04,78.1782,234.4026,118.9346,165.0634,156.0777,45.7948,472.4462,181.596,638.3955,511.4606
2023-04-05,78.4797,234.8835,119.4308,165.2998,156.8697,46.146,473.6761,183.5688,640.6446,513.9508
2023-04-06,79.6279,237.9336,120.8337,168.4029,158.6645,45.9267,478.2932,185.5735,650.1766,517.3483
2023-04-07,78.8521,235.4024,119.8808,167.156,157.3078,45.7847,472.4879,181.9948,644.7991,510.108
2023-04-10,79.0343,234.3957,119.9372,165.9943,156.8009,45.0754,472.2604,183.7745,646.5848,513.7267
2023-04-11,79.7103,235.8094,120.957,166.9503,158.1403,45.936,475.219,183.5281,651.4314,514.4393
2023-04-12,78.4368,232.5082,119.3982,165.7476,155.4419,45.2665,469.1636,182.6296,639.7448,510.6244
2023-04-13,77.8826,229.6146,118.2134,163.8469,154.2434,44.7686,464.2843,179.9306,636.217,503.0272
2023-04-14,77.2619,227.4612,116.9072,161.3797,153.3163,44.8669,457.7725,178.4378,629.4392,498.1081
2023-04-17,77.074,227.174,117.5664,161.7063,153.388,45.014,456.4304,177.1759,628.8789,494.1307
2023-04-18,76.9419,226.0761,117.224,161.8438,153.9174,45.6428,457.332,177.6113,629.305,494.7793
2023-04-19,77.282,227.3859,117.8726,164.4848,154.6728,45.8851,459.201,177.8135,632.5223,491.6848
2023-04-20,75.6835,221.3318,115.9536,159.6631,152.5436,45.3351,453.0854,177.2984,620.1685,485.9929
2023-04-21,75.5821,221.8221,116.1318,162.6259,152.2267,45.1425,452.3985,177.4041,619.377,487.9891
2023-04-24,75.4995,221.9041,115.2847,161.6016,150.6231,44.7848,450.2917,178.0613,614.1186,487.4175
2023-04-25,76.6324,225.2842,117.0271,164.6902,153.34,46.1748,458.8262,179.954,622.486,493.3308
2023-04-26,76.6424,226.3296,116.7124,163.8047,152.343,45.7054,458.5856,179.5201,623.8507,491.0017
2023-04-27,75.4518,222.5204,115.5858,162.173,151.9889,45.8414,453.6859,176.3342,620.8797,486.7876
2023-04-28,76.06,223.7602,117.0331,164.4547,153.0284,45.8154,455.4901,175.524,624.096,483.6655
2023-05-01,75.5977,223.6245,116.3077,162.3796,152.6266,44.9517,454.4349,176.4275,620.8594,487.3248
2023-05-02,75.7222,225.6483,116.8665,162.3963,153.0763,45.1524,454.8145,175.4637,624.045,487.3978
2023-05-03,75.7303,225.0475,116.7733,163.4204,153.0699,45.2846,455.5807,171.1277,623.6111,476.7368
2023-05-04,75.9921,225.7226,117.2177,162.5399,153.9479,45.4913,457.2755,171.9615,627.7751,479.1085
2023-05-05,75.1931,224.2849,116.4047,161.8065,152.8186,44.6368,454.7209,169.753,622.4086,475.1106
2023-05-08,75.7478,225.8688,116.4458,161.5059,153.2462,44.8645,455.1298,172.0551,627.5452,477.5562
2023-05-09,75.4693,225.5744,115.9127,159.8204,152.7779,44.8296,452.6074,169.3352,624.9693,468.2275
2023-05-10,74.8728,224.4909,114.9739,160.3736,151.6917,44.2113,448.4449,168.4753,620.5463,465.8883
2023-05-11,73.636,220.2866,113.8349,157.831,149.458,43.1231,442.7312,168.8291,610.9131,467.3841
2023-05-12,72.8102,218.182,112.6546,155.0905,148.4057,42.7483,439.8624,167.9803,604.5949,465.0375
2023-05-15,72.941,218.5683,112.649,154.9087,149.164,43.1807,440.9524,167.8241,603.0909,463.5031
2023-05-16,73.8237,220.1392,113.4342,155.3031,150.3492,43.6519,444.431,167.8568,607.5354,463.9902
2023-05-17,73.4815,218.2532,113.3539,155.1959,149.3468,43.0708,440.8497,167.9033,605.5481,463.2334
2023-05-18,72.9031,215.9709,112.6351,154.3262,148.0425,42.7601,439.4391,166.8636,601.6188,457.893
2023-05-19,72.2656,214.879,111.7099,153.2362,146.7022,42.6942,434.8481,164.6944,594.9045,451.1398
2023-05-22,71.2706,212.7367,110.4311,151.3171,144.926,41.8089,430.0095,165.3525,585.6741,451.1218
2023-05-23,71.4904,214.034,110.491,150.7652,145.3744,41.953,430.3121,167.0458,585.7055,455.3041
2023-05-24,71.2844,213.7931,109.5391,150.0056,144.7556,42.2335,427.9531,166.8112,582.4849,452.8713
2023-05-25,70.732,212.487,109.226,149.4637,145.3583,41.9703,429.1145,167.5679,583.0517,453.4248
2023-05-26,71.0096,213.5582,109.7498,149.756,146.0119,42.541,430.1488,168.9278,586.1836,453.0172
2023-05-29,71.0866,214.1385,109.7938,151.1542,147.0533,43.3876,429.8757,170.0602,590.6379,459.4784
2023-05-30,71.427,215.5735,110.8232,152.5031,148.657,43.7591,432.3737,171.1546,598.6466,462.6995
2023-05-31,70.1596,210.5621,108.9283,150.8028,146.555,43.0528,425.8324,169.928,586.3999,459.458
2023-06-01,69.5271,208.0053,107.9422,150.5007,145.0524,42.9871,421.7279,169.5712,579.5225,457.8183
2023-06-02,70.2024,209.1628,109.5631,154.0143,146.586,43.3542,425.832,170.4292,588.6242,460.4281
2023-06-05,71.6374,214.3858,111.3633,157.2722,149.5796,43.3707,434.2171,174.5645,599.0647,471.8623
2023-06-06,71.9104,216.6313,111.5406,157.5296,150.1649,43.4975,435.1779,173.4267,601.5195,468.761
2023-06-07,70.6136,210.887,109.6951,154.7861,147.9651,43.0537,426.5133,171.1873,590.9754,462.8149
2023-06-08,71.0824,213.62,110.4932,155.7179,149.7567,43.8074,429.1007,170.3318,598.6219,461.521
2023-06-09,70.4642,211.8356,109.0957,151.7045,149.4585,43.4175,427.342,169.1511,596.2503,458.7433
2023-06-12,70.8432,213.8396,109.5919,153.0739,150.1343,43.51,426.7476,168.038,599.602,455.2072
2023-06-13,69.4529,210.0681,107.5858,150.4091,147.9054,43.2327,419.1984,167.0897,589.7081,452.769
2023-06-14,69.5348,211.5312,107.602,151.1794,147.4442,43.0839,419.0348,168.4904,589.2721,456.8892
2023-06-15,70.332,214.1359,109.0866,153.2206,149.2491,43.055,424.9649,169.3119,596.002,458.6022
2023-06-16,69.5668,210.6541,107.9312,152.1551,147.4864,42.9954,421.003,167.6871,587.7551,453.2464
2023-06-19,69.8647,211.4667,109.2564,152.8114,148.9618,43.3296,423.9217,169.7996,595.87,457.8324
2023-06-20,70.8787,214.9787,110.9625,154.1844,151.2418,44.3448,432.6443,171.1934,606.4964,462.0883
2023-06-21,71.0713,215.3768,111.5864,152.7904,151.602,43.9517,431.3776,172.5367,606.5366,464.5724
2023-06-22,71.2971,216.6303,111.993,153.2403,152.3883,44.1256,433.8763,173.2174,611.0584,466.3456
2023-06-23,71.2502,216.4309,111.793,152.2511,152.4537,44.3239,433.6321,175.4626,609.165,472.91
2023-06-26,70.9173,214.9071,111.4447,150.9421,150.6449,43.7937,430.5673,176.0299,603.3764,473.1767
2023-06-27,69.7408,210.4259,109.7275,148.8457,148.4741,42.7871,424.9313,174.536,595.9743,467.5204
2023-06-28,70.2066,211.4994,110.5561,149.6211,149.6222,42.2861,426.1956,175.7161,596.5019,471.1394
2023-06-29,69.9057,210.7654,110.4553,148.2008,150.143,42.9461,426.7484,176.4958,596.2956,471.992
2023-06-30,70.261,210.1829,111.4984,151.9449,151.0632,43.2819,426.6405,178.462,599.2128,475.7431
2023-07-03,70.2491,209.4927,111.6359,152.1041,151.0765,43.6915,425.1385,178.0721,597.2088,474.0932
2023-07-04,71.1269,210.4229,112.6491,152.5316,152.4027,44.3843,428.1519,180.7688,603.7111,480.2426
2023-07-05,70.5625,208.2385,111.7952,150.7339,151.091,44.232,425.4374,178.8855,599.2401,476.1684
2023-07-06,70.3041,208.4721,111.7634,150.5332,150.8303,44.0461,424.1753,179.5299,598.2811,477.4252
2023-07-07,70.2092,207.2052,111.5681,150.1044,150.7143,44.1867,424.2878,179.8891,597.4954,478.9189
2023-07-10,69.5301,205.779,110.2629,149.4592,149.1205,44.2469,420.9398,180.0981,592.5427,478.3251
2023-07-11,69.9953,209.5298,111.1735,150.6589,149.792,44.4657,423.2016,179.6837,594.0051,478.1823
2023-07-12,70.7666,213.0742,112.6253,154.3948,151.3706,45.5992,429.1645,179.1205,603.251,476.511
2023-07-13,70.7252,213.0632,112.2816,153.5108,151.2058,45.0089,429.0049,177.4202,599.6805,469.6655
2023-07-14,70.1941,212.1905,110.873,151.9158,149.3149,43.9059,424.1287,173.9654,591.7172,462.2167
2023-07-17,70.2568,211.2196,110.7018,152.607,149.4127,44.2819,423.5499,172.4392,591.5469,459.0516
2023-07-18,69.3328,207.1341,109.5763,152.0959,147.7559,43.5293,418.4207,171.709,584.7876,453.2485
2023-07-19,68.6173,205.02,108.5706,151.8488,146.7526,43.9612,416.284,169.766,580.3261,449.2033
2023-07-20,68.4158,204.7441,108.2982,151.2094,146.335,44.3139,412.7997,168.1665,576.6428,447.5064
2023-07-21,67.4551,202.7546,106.9694,149.2938,144.0346,44.2098,407.6908,165.8897,569.7771,440.5493
2023-07-24,66.5144,199.473,105.4038,144.8725,141.2806,43.7146,401.885,163.8757,561.0211,435.2199
2023-07-25,66.7214,200.2484,105.9599,145.4886,142.2125,43.6653,403.0074,165.9235,562.9472,438.3921
2023-07-26,66.9172,200.9641,105.6251,145.9677,141.8145,42.9749,401.2393,165.8871,563.2568,435.5627
2023-07-27,65.2664,195.9035,103.2186,143.3126,138.5739,42.5474,390.9822,162.667,551.3657,427.5666
2023-07-28,65.5213,196.6114,103.95,144.2838,139.8779,42.4158,395.0947,162.6925,555.6953,429.0931
2023-07-31,65.5453,196.0122,104.2509,146.1969,140.3677,43.0999,395.0114,162.5782,555.3694,426.9023
2023-08-01,65.2595,195.3762,104.3337,145.9798,140.1854,43.2779,393.5814,161.8941,553.4782,425.4047
2023-08-02,64.9913,194.7249,103.1116,143.6004,139.2467,42.9764,389.5682,161.2433,549.5469,421.7395
2023-08-03,64.8603,193.9909,102.8345,142.8013,139.7775,43.2848,390.0785,161.157,549.131,421.7572
2023-08-04,64.6913,194.0012,102.2755,141.0487,138.5642,43.0879,388.3918,161.6963,545.8621,424.7469
2023-08-07,65.6338,197.6385,103.9784,144.0051,140.6231,43.6252,393.9982,162.4277,555.925,426.2355
2023-08-08,66.0307,199.3731,104.8657,145.5225,142.0988,44.5654,398.6619,163.2947,559.5814,428.0452
2023-08-09,65.4336,196.7482,103.9215,144.7019,140.7981,44.6722,395.7023,164.6687,556.1978,431.9369
2023-08-10,65.6675,197.5302,104.2797,144.8549,141.3574,44.8967,395.3392,164.1696,557.5481,431.0037
2023-08-11,66.3601,198.8872,105.2255,146.1574,143.0379,45.1862,398.8308,166.965,562.6282,437.9076
2023-08-14,66.4469,199.2241,105.3197,144.3925,143.6171,45.8364,401.5522,166.9658,563.9637,438.7292
2023-08-15,67.2424,200.8789,106.1332,145.8703,145.1234,45.5499,406.2059,167.1554,569.3666,443.8567
2023-08-16,66.8615,200.7639,105.3512,144.8494,144.0123,45.3794,402.2687,166.8536,565.8399,442.7496
2023-08-17,66.918,201.5642,104.7189,143.0065,143.3884,45.4608,399.3531,166.423,563.8988,441.318
2023-08-18,66.2363,200.4332,103.5433,141.2645,141.9073,44.7173,393.7603,166.1267,555.9795,439.4644
2023-08-21,65.897,200.2469,102.814,140.0229,140.7045,44.7041,389.9966,166.6433,550.4797,443.2214
2023-08-22,66.9952,203.3639,104.1948,143.471,143.1327,45.427,394.2004,169.0764,559.5393,449.6908
2023-08-23,66.3624,201.1004,103.5293,141.6227,142.177,44.9422,390.5553,169.7389,555.5419,453.0478
2023-08-24,65.9098,201.1253,103.0261,141.1943,141.8426,45.1887,387.9749,169.6183,553.1033,451.0137
2023-08-25,65.4654,199.6372,102.73,139.858,140.8861,44.5108,385.8344,170.4284,550.7974,455.4977
2023-08-28,64.7855,196.4964,101.8283,138.1306,139.3628,44.3609,383.4853,169.3201,545.7063,453.4373
2023-08-29,65.2531,198.7136,102.4024,139.1638,140.1596,43.9001,385.4945,171.3968,549.073,457.665
2023-08-30,64.1172,195.3668,100.4688,136.285,138.3822,43.4703,378.5161,168.0431,541.8002,449.6528
2023-08-31,63.9353,195.9898,100.1635,135.8536,138.4614,43.5092,377.9437,167.8537,542.014,449.5148
2023-09-01,63.3185,194.2878,100.1294,136.0774,137.9265,43.1627,376.8355,169.6889,540.3686,453.3305
2023-09-04,62.7405,192.4987,98.7563,133.7588,136.2563,42.7992,372.2698,167.4089,532.9087,446.0425
2023-09-05,62.3199,192.379,98.4161,133.9932,135.8574,42.653,370.8151,164.5929,527.0419,437.6991
2023-09-06,62.6506,192.2134,98.5712,133.965,135.9778,43.0507,371.8852,163.3518,529.2405,434.4687
2023-09-07,62.0504,189.9269,98.0949,133.2203,135.5037,43.1008,371.7166,164.3141,526.7775,437.7503
2023-09-08,62.368,190.2225,98.6626,134.3054,136.445,43.5426,375.4031,166.0303,529.9415,441.2441
2023-09-11,62.2516,188.2077,99.3755,135.4894,137.0541,43.8294,375.9912,165.7682,530.2442,440.0186
2023-09-12,62.3107,189.0456,99.4136,136.0678,137.1018,43.6786,376.3996,165.7699,529.2136,440.1319
2023-09-13,61.6398,186.5936,99.1483,135.9521,136.5823,43.4164,372.7482,165.9859,526.1092,441.9127
2023-09-14,61.8811,188.0037,99.5282,136.8733,137.1943,43.6879,375.1187,168.2851,529.0448,447.8872
2023-09-15,61.8038,188.0613,99.3904,136.4116,136.9566,43.5555,374.6933,168.3723,530.3105,448.8869
2023-09-18,61.7612,188.3887,98.9274,134.8894,136.6939,43.8644,372.4491,169.5334,528.9745,451.5169
2023-09-19,62.2238,189.4543,98.9493,133.7694,136.417,43.8127,374.805,170.8242,533.4948,453.3576
2023-09-20,62.3958,189.3981,98.3581,131.6202,136.0117,43.8207,375.0446,172.4144,532.935,454.4379
2023-09-21,62.4517,189.6357,98.7627,133.5833,136.764,43.5594,376.5089,172.6167,535.4607,455.5169
2023-09-22,62.5765,190.7147,98.9397,132.0648,137.103,43.9926,377.5719,171.7271,535.2492,453.9425
2023-09-25,62.7038,191.0641,99.2422,133.433,137.7814,43.9944,379.1482,174.4764,536.4594,461.5312
2023-09-26,62.2383,189.1138,98.4964,131.7498,137.1003,43.424,376.862,173.2692,532.5223,460.3967
2023-09-27,62.2083,188.1183,98.4357,132.6067,137.9436,44.2567,376.7383,174.0492,534.2523,462.8063
2023-09-28,61.9768,187.5716,98.2798,130.6523,137.1851,44.2719,375.6138,173.4739,533.6879,463.3009
2023-09-29,61.837,186.7341,97.6349,129.5866,136.6758,44.462,374.8186,171.2159,531.0048,459.2541
2023-10-02,62.3234,188.1488,97.8347,130.9975,137.2664,44.8071,376.8095,168.9348,533.1091,454.9394
2023-10-03,61.8892,186.6597,97.6405,131.2903,137.0661,44.7117,375.0531,170.9767,527.6998,461.6253
2023-10-04,62.0304,186.7532,97.5665,130.9227,137.0213,44.5979,376.519,171.0518,528.8074,463.005
2023-10-05,61.389,185.0395,97.2078,128.9152,136.3831,44.6781,372.6986,168.3541,522.5755,456.3018
2023-10-06,61.5073,185.8078,97.3508,128.0901,136.5877,45.149,373.8289,168.629,527.9039,454.8057
2023-10-09,61.8919,188.4452,98.3265,130.4957,138.1464,45.6135,377.2808,172.0082,531.2508,462.4453
2023-10-10,61.1381,186.7152,97.6287,129.2717,136.9637,45.9988,373.2648,168.4951,529.2211,454.8963
2023-10-11,61.1352,187.9006,97.22,128.6588,136.5192,45.7846,371.5262,165.3795,528.3087,445.4178
2023-10-12,60.9296,186.6562,96.4729,127.8579,136.2043,45.1777,370.4298,166.3771,523.6879,445.168
2023-10-13,61.9245,188.4932,98.2012,129.2039,138.4717,45.2641,376.3085,168.6721,532.4065,452.2635
2023-10-16,61.2647,186.474,97.3773,128.4008,137.2347,44.278,374.4521,168.9824,528.2811,453.5628
2023-10-17,62.5262,190.9681,98.3297,129.3684,139.0456,44.6847,380.4566,169.6349,535.2678,453.388
2023-10-18,62.5001,191.4244,97.4353,128.3825,137.9982,44.2826,377.7501,169.1102,534.2308,452.7381
2023-10-19,62.2852,191.6929,96.5881,126.7924,137.6907,44.4308,378.1027,167.342,534.8872,448.0197
2023-10-20,62.0683,189.0969,96.3783,125.3203,136.9387,44.1901,377.1526,169.3346,533.7903,452.7066
2023-10-23,61.8016,189.2306,95.953,124.4313,136.8388,44.4585,377.4761,169.6215,531.9303,452.9248
2023-10-24,61.9919,190.0682,96.1859,125.2229,136.8469,44.477,378.1155,169.8318,532.0762,453.1751
2023-10-25,61.7286,188.0955,95.5428,124.655,136.4424,44.3568,377.3983,169.5634,530.7338,453.1394
2023-10-26,61.9981,189.4642,95.7183,124.914,137.0968,44.3535,378.7517,169.457,532.9027,452.5689
2023-10-27,62.6862,191.6969,96.2681,126.332,138.3943,45.2644,381.5246,169.9391,533.9542,455.7533
2023-10-30,62.2817,190.7508,95.7767,125.5144,137.3824,44.4026,379.4417,169.8981,532.2102,455.6788
2023-10-31,62.7708,193.0184,96.8351,126.9862,138.833,44.9561,384.1072,169.8755,537.8662,453.8414
2023-11-01,62.0691,191.1896,95.9893,125.4822,137.5871,44.508,380.6392,168.7664,530.9552,451.1953
2023-11-02,61.0285,186.8801,95.3154,125.292,135.5315,44.1513,376.6492,167.1215,522.334,449.1241
2023-11-03,61.4283,187.9967,95.2366,125.4045,136.1035,44.321,376.3818,167.454,521.4071,450.9115
2023-11-06,62.2423,189.2592,96.5296,126.7343,137.2961,44.6929,380.081,169.4185,529.618,456.7157
2023-11-07,61.2242,186.6475,94.5361,122.936,134.0586,43.598,373.7648,168.1014,520.1002,450.2535
2023-11-08,60.6781,186.02,93.4035,122.2269,133.191,43.8156,370.0397,166.6807,517.035,448.5124
2023-11-09,60.2148,183.6851,92.6748,120.7048,132.0809,43.4694,368.8364,166.9163,513.4393,446.0525
2023-11-10,60.4204,183.818,92.9645,121.1458,132.4511,44.2774,372.2559,167.5946,514.7862,450.1711
2023-11-13,61.2185,185.59,94.038,124.3297,133.9352,44.8461,377.6119,168.9423,521.5448,454.4761
2023-11-14,61.913,187.3548,94.7405,125.8904,135.7712,45.4379,381.8081,171.7806,525.6999,463.4826
2023-11-15,61.8961,187.6129,94.0699,126.1866,135.0132,45.1443,380.3175,170.1469,523.8361,458.9833
2023-11-16,61.3058,185.4948,93.6179,125.1574,134.5656,45.2057,377.0288,169.6436,517.8645,457.4122
2023-11-17,61.1574,185.5291,93.3401,125.5793,134.112,44.8494,376.4517,167.8613,516.8571,452.9653
2023-11-20,61.4952,187.3507,93.3719,125.6434,134.8314,45.1305,377.7809,167.4224,521.1377,450.9413
2023-11-21,61.4817,188.137,93.3573,125.8994,133.7811,44.7993,378.3506,166.4953,521.1845,448.3524
2023-11-22,61.9387,188.6895,94.2569,128.7002,135.3767,45.4248,383.4753,166.1702,529.8043,448.5349
2023-11-23,62.7605,192.256,95.6246,130.4059,136.7854,46.0024,386.4991,168.8987,538.7046,453.7916
2023-11-24,62.7317,193.2979,95.453,130.1798,136.346,46.0097,387.7911,169.6305,536.4403,456.8473
2023-11-27,62.3335,193.2677,94.9784,128.8133,136.864,46.2108,386.5337,166.7435,532.934,447.7644
2023-11-28,61.8894,191.7694,94.7353,129.1604,136.3046,46.6128,384.5378,168.3999,529.495,452.4297
2023-11-29,62.3925,192.7478,95.6704,130.0357,137.31,47.0983,387.0894,170.3841,534.8336,458.4926
2023-11-30,62.9013,193.5561,96.2632,131.6711,138.2473,48.4023,390.3387,173.2219,535.9175,463.2061
2023-12-01,64.4993,197.6006,98.2761,133.1828,141.8205,49.6098,400.4544,174.4656,546.6404,467.6275
2023-12-04,64.4553,197.475,98.2399,133.5713,141.9084,50.0213,400.6442,175.4525,545.8598,471.0743
2023-12-05,64.9631,199.707,98.82,133.8658,142.2957,49.8605,403.4227,178.2643,548.8211,477.1218
2023-12-06,65.8636,203.5364,100.233,136.4344,144.3393,51.1101,409.8914,181.0586,555.232,483.8083
2023-12-07,66.6173,205.466,101.0788,137.6092,144.8685,51.0,414.1796,182.0857,558.2675,488.1221
2023-12-08,65.5242,202.0633,99.0578,134.3439,143.2207,50.633,408.6149,178.2324,550.1188,480.9022
2023-12-11,65.548,202.0524,99.4609,134.5945,142.7577,50.3709,410.2306,178.1833,553.5127,480.3436
2023-12-12,65.2777,200.7084,99.1466,133.4736,142.1573,50.3513,409.3326,178.1176,551.7815,480.3525
2023-12-13,64.412,198.6305,98.3722,133.0672,141.2449,49.9504,405.7259,174.9957,546.8506,471.9988
2023-12-14,65.1593,201.2269,99.5147,133.8147,142.5317,50.0655,409.794,176.8082,547.5666,476.1619
2023-12-15,65.8243,203.396,100.4156,134.8464,144.0804,50.4723,415.3355,181.0478,554.5714,489.558
2023-12-18,65.7622,203.4954,100.8819,135.7723,144.7142,51.3122,415.5527,183.0893,554.2186,497.6521
2023-12-19,65.698,203.7979,101.1523,137.4716,145.446,51.7517,416.3217,184.9638,553.8227,501.7957
2023-12-20,66.4177,206.5299,102.4133,139.2293,147.3994,51.8742,421.7323,187.9194,557.6257,505.4382
2023-12-21,66.5605,206.2809,102.273,138.8308,147.0011,52.1964,421.0117,187.6535,555.9714,505.7102
2023-12-22,66.5058,206.8516,101.1134,137.4352,146.7286,51.7342,416.6835,187.8904,550.8305,505.7273
2023-12-25,66.2723,206.3361,100.9375,135.4927,146.3683,51.9214,416.6031,185.5191,549.8758,500.7894
2023-12-26,66.538,206.8035,101.5079,135.3049,147.6799,52.5955,418.23,185.3123,551.0784,498.9752
2023-12-27,66.1206,205.6988,101.4197,134.8796,148.1837,53.0268,417.0357,186.8273,549.816,505.7146
2023-12-28,65.6496,204.5151,100.4076,132.9237,146.9678,53.3991,412.4887,186.4218,544.33,504.7264
2023-12-29,65.1801,203.9332,99.165,129.9752,146.1619,52.77,410.4588,185.2257,542.772,501.7776
2024-01-01,64.6988,201.582,98.1703,129.2962,144.0352,52.2951,409.2987,185.828,537.1297,506.5427
2024-01-02,65.3133,204.5781,99.7062,131.5853,145.2964,53.2641,412.8417,188.1746,542.4653,511.9931
2024-01-03,66.0353,206.8585,100.6109,132.9269,147.6708,53.813,416.5022,191.4015,549.7124,516.7237
2024-01-04,66.1617,206.8355,100.7513,132.5648,147.6611,53.4896,414.9135,192.3385,546.5209,520.1146
2024-01-05,66.6261,207.8403,100.9958,132.9596,147.8938,53.4467,417.9057,193.809,549.6711,523.3574
2024-01-08,66.6111,206.9629,100.7279,133.0063,147.4599,53.4364,417.2793,193.6764,549.7943,522.1162
2024-01-09,66.1694,204.164,100.9284,133.0673,146.5439,52.525,417.58,194.4318,550.1945,524.0157
2024-01-10,65.6689,203.1693,99.9801,132.1317,145.6219,52.4418,414.7601,193.8657,548.1087,522.3142
2024-01-11,66.243,206.5758,100.7441,132.5372,145.5699,51.8366,417.161,194.7804,547.585,524.4484
2024-01-12,65.9112,204.2155,100.0297,131.6463,144.804,52.1139,414.1528,192.8331,542.9157,520.582
2024-01-15,64.6446,199.5311,98.5346,130.5116,142.8374,51.6532,407.9869,194.2334,535.8775,522.931
2024-01-16,64.3716,199.2867,98.1326,130.9275,142.1935,52.2252,405.69,195.518,535.1914,524.6728
2024-01-17,64.1788,198.6537,98.3167,132.2296,142.415,52.5831,408.4896,197.3248,536.0948,525.2576
2024-01-18,63.4094,196.9282,97.099,130.7669,139.8175,51.5457,400.9661,193.5022,528.9093,519.5364
2024-01-19,63.5537,197.296,97.2353,130.9808,140.1461,51.3317,401.887,192.4278,527.4274,517.5551
2024-01-22,63.6836,197.2407,98.1866,131.9451,140.2806,51.4768,404.4071,194.6067,531.1288,525.1904
2024-01-23,64.9495,200.98,99.9415,132.9254,143.3428,52.5311,411.9253,196.2841,543.5131,530.438
2024-01-24,64.4293,197.4797,99.9196,131.8273,142.5236,52.7439,411.1495,195.87,541.6771,526.5696
2024-01-25,64.3394,196.3041,100.2271,132.1119,142.038,52.1841,411.8757,196.9244,546.6924,528.9984
2024-01-26,63.6401,194.9083,98.8899,130.2122,140.4541,52.4726,406.5575,195.5136,541.0355,526.8072
2024-01-29,63.2272,194.5694,98.0502,130.1718,139.0742,52.5156,403.433,195.1531,532.3133,528.8501
2024-01-30,63.0888,195.2384,98.3823,131.6605,139.6558,52.6384,402.932,196.0162,534.7477,528.887
2024-01-31,62.465,193.649,97.3342,129.6808,138.2221,52.88,400.4634,196.9344,529.2361,529.9796
2024-02-01,63.2518,194.3267,98.4006,131.79,140.2873,53.2954,405.3325,199.4459,536.2006,537.6999
2024-02-02,64.039,196.2461,100.1815,133.8636,142.839,54.3052,413.4054,199.7646,546.7294,538.4103
2024-02-05,63.8896,196.8283,99.8812,133.998,142.5183,53.6388,410.5979,198.9638,544.4864,537.6771
2024-02-06,63.4939,196.8836,99.2303,133.7439,141.6978,54.1392,407.1509,196.5522,543.3234,532.7331
2024-02-07,64.0279,199.6243,99.5672,135.2157,142.6179,53.76,410.2525,196.6023,546.7988,532.7142
2024-02-08,64.059,199.5328,99.5948,134.855,142.9077,53.2466,413.779,195.4208,546.5592,529.5445
2024-02-09,63.7737,197.6087,99.2406,135.1812,142.5241,52.8418,413.5437,194.5034,544.2414,524.3649
2024-02-12,62.8946,194.8531,97.6426,131.4543,140.544,52.6987,408.0107,194.593,536.5356,524.1187
2024-02-13,63.0572,195.3681,98.7081,133.9699,140.7734,53.1851,410.6824,194.5175,539.0789,523.8355
2024-02-14,62.7925,195.7703,97.9352,132.8697,139.5129,52.7841,408.2118,193.6849,536.7128,523.1551
2024-02-15,62.1541,193.9564,96.91,131.4343,138.2454,52.7567,405.6775,190.6019,532.0395,515.8496
2024-02-16,62.3229,194.4964,97.0965,130.0947,138.6137,52.8414,405.9434,190.3903,532.4522,514.181
2024-02-19,62.1367,193.9723,97.1251,129.831,138.1095,52.8371,402.5155,189.7431,526.5094,512.3407
2024-02-20,62.1691,194.384,96.741,130.3582,138.0145,53.5049,401.0011,191.0068,526.4678,514.1567
2024-02-21,62.3829,195.542,97.3583,130.8795,138.954,53.7447,404.1377,189.7984,526.755,512.8459
2024-02-22,61.5384,192.3364,96.0747,129.6563,136.5443,52.5358,398.4935,190.3099,518.0347,514.7406
2024-02-23,61.8871,192.6097,96.3991,130.1343,136.9164,52.8704,399.6848,189.3876,517.6576,510.4257
2024-02-26,61.9097,193.7393,96.9329,131.7138,136.8047,53.1432,400.6871,190.5204,516.8834,515.8968
2024-02-27,61.2736,190.4943,96.1732,130.8008,135.484,52.7023,395.4813,191.3557,511.9801,517.8307
2024-02-28,61.0474,191.0383,95.7854,129.5313,134.6585,52.8194,393.7899,189.2262,510.1491,510.2945
2024-02-29,60.6814,188.4472,95.2611,128.8447,133.9658,52.4767,391.0645,186.4143,506.9847,501.1101
2024-03-01,60.4077,187.1592,94.7598,129.3835,133.4459,52.3366,389.6472,185.9697,505.3214,499.3281
2024-03-04,60.3741,187.7838,94.3779,129.2317,132.7412,52.2303,387.4794,187.329,502.3256,505.7876
2024-03-05,60.1066,186.9519,93.9604,128.5531,132.5257,52.2698,385.6146,188.4326,501.1242,510.7612
2024-03-06,60.7207,187.8699,94.7509,131.4341,133.7293,53.4054,389.3377,189.0335,505.5029,513.8721
2024-03-07,59.6188,184.7757,92.7998,129.5452,130.9932,52.5219,383.4878,185.8839,498.1192,505.167
2024-03-08,59.6376,184.8835,93.1592,130.7009,131.024,52.4061,382.7826,187.6424,501.0635,506.6338
2024-03-11,60.4281,187.1722,93.7584,131.8176,131.9322,52.9744,386.5374,188.7879,506.0512,507.637
2024-03-12,60.1345,185.7987,93.0505,131.3671,130.1593,52.7217,385.7854,186.9102,499.0352,504.5964
2024-03-13,59.5918,184.0964,91.8624,130.2343,128.9637,52.5862,381.1394,185.8288,493.3396,503.3624
2024-03-14,59.2857,182.7249,90.9918,127.2853,128.2409,52.6079,378.8797,186.1418,489.7307,504.1915
2024-03-15,59.2156,184.2948,91.1022,127.7466,128.252,51.9854,378.7206,186.7098,488.8405,506.4161
2024-03-18,58.69,182.4836,90.4601,126.6971,127.3589,50.6219,376.6562,185.9195,483.0479,504.4366
2024-03-19,59.1113,183.519,91.4842,127.7909,128.4706,51.565,380.2216,187.7347,487.3928,510.2848
2024-03-20,59.7482,185.0951,92.6545,129.3233,129.4107,52.106,382.8391,190.7171,494.9687,516.2441
2024-03-21,59.5923,185.929,92.4022,127.7622,128.9877,51.9353,382.4529,190.006,493.954,516.3218
2024-03-22,60.4631,187.4131,93.7594,128.2989,130.2399,52.7061,386.6967,192.3405,499.3475,524.326
2024-03-25,60.9132,189.0799,94.1722,129.8482,130.8688,53.7705,389.855,193.2013,501.811,525.4356
2024-03-26,61.7984,191.6439,95.7079,132.3963,132.5106,55.0299,394.3212,193.894,510.6533,529.8047
2024-03-27,61.4879,189.5987,94.9098,129.3726,131.6174,55.1,392.9006,193.1991,508.3285,526.0912
2024-03-28,61.7802,189.8767,95.1568,129.2717,132.2108,54.9448,395.7579,194.9782,511.7405,532.2838
2024-03-29,61.6618,189.7531,95.1562,129.9556,132.8818,54.8764,394.4419,195.309,512.5822,534.2891
2024-04-01,62.7757,192.5143,97.204,132.6141,134.6833,54.5319,401.2427,201.2375,521.2141,549.6376
2024-04-02,63.424,194.7045,98.2183,135.0446,135.657,55.1853,404.0346,202.0018,524.7364,550.117
2024-04-03,62.9108,194.4695,97.5972,135.0129,134.3671,55.1739,400.4211,201.6962,523.0301,548.8577
2024-04-04,63.6024,196.7415,98.7454,135.5413,135.7557,56.2485,402.9045,206.5395,529.9888,560.2167
2024-04-05,63.221,194.4282,98.2585,134.7371,134.8564,56.1972,399.9931,205.4567,524.5569,557.2854
2024-04-08,62.933,192.888,97.7202,133.6172,134.2482,55.8875,397.3811,202.7541,521.8819,550.3286
2024-04-09,63.0924,193.156,98.1656,133.1301,134.4539,55.7168,396.7911,206.6821,522.5107,557.9352
2024-04-10,63.1018,192.9127,97.9628,131.6928,134.107,55.2145,395.9883,205.8504,522.0035,556.1135
2024-04-11,63.5705,194.4636,98.9924,132.4763,135.0022,55.4919,400.5687,206.9677,526.8615,553.9076
2024-04-12,63.7717,195.323,98.9934,131.9693,135.0792,55.0894,402.882,206.5788,526.7934,551.5656
2024-04-15,64.4788,198.8607,100.1044,133.7221,136.4356,56.4015,407.4402,207.19,533.264,554.2951
2024-04-16,65.2143,201.1262,101.232,136.124,138.3518,56.5614,411.5549,206.8098,541.6633,554.6978
2024-04-17,63.8902,196.1362,99.5466,134.2033,135.9765,55.5508,405.2344,204.3921,532.8391,547.7687
2024-04-18,64.147,197.8357,100.3739,135.9629,136.8236,55.0207,407.4483,205.9048,536.2187,553.4458
2024-04-19,63.5804,197.0814,99.0295,133.8733,135.0899,54.4872,403.0683,203.7303,532.1208,548.3436
2024-04-22,62.7494,194.6863,97.7785,132.6106,133.2612,53.7853,399.8263,201.5382,525.8415,540.6182
2024-04-23,62.491,193.6938,97.5832,132.22,132.4477,53.3209,398.0004,201.1397,524.2073,539.4651
2024-04-24,62.3831,193.8413,96.6685,130.5973,132.0167,52.7608,393.5556,198.2944,523.289,536.0544
2024-04-25,62.1017,192.8043,95.581,130.562,130.462,52.1714,388.4784,198.101,522.2015,531.8115
2024-04-26,62.6858,193.0239,96.1855,129.5878,131.467,52.3248,391.1316,199.2003,526.5738,538.1955
2024-04-29,61.6186,190.1659,93.995,125.1347,130.0519,51.7329,385.4979,196.6337,519.279,530.8444
2024-04-30,62.0047,192.0415,94.5093,126.1294,130.9464,52.8927,387.479,196.5008,523.4511,531.8233
2024-05-01,61.8041,192.5269,94.0228,125.2613,129.5186,52.4168,382.8517,195.6436,519.6102,531.0882
2024-05-02,62.7613,194.9379,95.6992,126.4671,131.4343,53.3801,388.14,194.6019,527.3929,528.6729
2024-05-03,62.7008,194.9263,95.7886,125.7904,131.5526,53.2276,386.7157,195.4198,530.6928,531.2207
2024-05-06,62.4676,194.3939,95.4819,124.6822,130.6772,52.5602,385.1003,195.4827,526.5341,532.3578
2024-05-07,62.5306,194.6566,95.38,125.2137,130.2714,52.3955,384.0763,196.2425,527.358,534.8515
2024-05-08,63.0487,196.3596,96.4352,127.5653,131.7204,54.0203,387.2533,197.9383,532.383,536.2211
2024-05-09,62.6919,195.2774,95.7867,127.9342,131.0611,53.64,384.3265,195.6706,527.5884,528.0223
2024-05-10,62.0899,193.5661,94.7718,125.3375,129.6004,53.2256,380.3566,193.9804,521.8562,523.5012
2024-05-13,61.483,192.2428,93.981,123.2453,128.1756,52.3216,377.8904,195.6457,517.6816,529.1079
2024-05-14,61.4852,193.1904,94.2901,122.6022,128.3365,51.242,378.133,196.0923,518.5339,531.5662
2024-05-15,60.9179,190.8297,94.1138,123.3161,127.2858,50.5231,376.0455,194.2607,515.5641,527.1119
2024-05-16,61.2945,191.8772,95.0651,124.9125,128.3334,51.8971,378.9787,194.6244,518.802,530.5709
2024-05-17,61.5659,192.401,95.5319,125.6047,129.1741,52.4693,380.1932,196.1757,524.2069,537.1708
2024-05-20,62.1082,193.6572,95.8672,126.2326,129.1839,53.1665,381.8745,197.8512,530.1129,538.6179
2024-05-21,60.857,188.5333,94.3157,124.0866,126.7191,52.0573,374.1586,198.2072,521.999,538.7736
2024-05-22,60.0139,185.9394,93.2807,121.8618,125.3246,50.5508,371.4428,196.0349,515.9505,532.0873
2024-05-23,59.8312,185.7291,93.0685,121.9511,125.1464,50.0367,368.9901,192.4456,514.3435,523.3885
2024-05-24,60.0886,186.4123,93.65,122.599,126.2833,50.629,371.6199,192.847,520.183,522.3412
2024-05-27,60.9959,189.2202,95.0673,123.6171,127.6392,51.2426,377.0492,192.0121,527.154,521.197
2024-05-28,60.5205,188.06,93.7933,122.332,126.7021,50.8809,372.7759,191.3334,521.7823,520.0042
2024-05-29,59.6491,186.4013,92.5759,120.3888,125.0078,50.0217,368.2841,189.8543,514.2544,515.68
2024-05-30,59.2994,184.9978,92.3453,120.244,124.0223,50.0216,366.0874,185.6584,509.9628,503.4203
2024-05-31,58.5458,181.7929,91.4533,118.9585,122.1124,49.0922,360.9471,183.4726,503.2631,495.3935
2024-06-03,57.9653,179.9252,91.3654,119.4782,121.8094,49.0973,360.7547,182.0425,500.9506,494.2881
2024-06-04,58.0246,181.4713,90.8411,118.9289,122.0057,49.2493,362.8053,181.7442,500.1561,493.6175
2024-06-05,58.4604,181.9873,90.8056,118.2524,121.7354,49.001,363.8904,180.8937,500.2476,491.8329
2024-06-06,57.7871,180.3596,90.2151,117.6876,120.5964,48.2241,359.7311,181.9948,496.0986,495.6324
2024-06-07,58.0766,182.1048,90.4009,118.1886,120.4063,47.9876,361.6772,184.654,497.2194,506.4655
2024-06-10,57.8376,179.6474,89.8745,117.8407,119.4526,48.3457,359.683,185.1032,494.0832,506.6544
2024-06-11,57.6889,179.4798,89.6033,118.207,118.2303,48.3036,357.674,184.2072,490.4027,501.5657
2024-06-12,57.7961,180.2478,89.7297,117.9419,118.1576,48.671,357.4926,185.4336,490.1852,506.3734
2024-06-13,56.7046,176.6549,89.398,117.9647,117.3479,48.0509,354.3871,183.2859,483.4934,496.0368
