,KO,PEP,XOM,CVX,MSFT,AAPL,JPM,BAC
2023-01-20,80.3269,80.3805,90.4549,90.904,99.6433,99.9862,111.2646,111.8339
2023-01-23,79.697,80.3716,89.762,89.8862,98.748,99.5359,110.3713,111.2975
2023-01-24,80.1704,80.2749,89.8707,90.3639,99.87,100.3508,110.4511,110.6324
2023-01-25,81.1885,81.827,90.4538,90.6495,100.8069,101.316,111.8094,112.0638
2023-01-26,79.6619,79.9441,89.171,89.9539,98.9305,99.3671,109.7718,110.167
2023-01-27,78.9227,79.745,88.9535,90.0356,96.839,97.8181,108.5107,109.1674
2023-01-30,79.0591,79.6624,88.1883,88.7807,96.8938,97.1509,108.7533,109.339
2023-01-31,78.5525,78.7251,87.9065,88.2415,97.167,97.4489,108.6545,109.2667
2023-02-01,78.5833,78.7918,87.7672,87.5579,96.4252,96.505,108.6653,108.7846
2023-02-02,77.9073,78.4766,87.0292,87.0393,95.6258,96.266,107.6681,108.2745
2023-02-03,78.0484,78.4617,88.1207,88.9507,96.2716,96.5457,110.2326,110.3172
2023-02-06,78.3844,78.8434,89.4492,89.518,96.5215,96.797,111.9255,112.0921
2023-02-07,78.6267,79.4064,89.3481,89.605,96.6936,97.026,112.4125,113.2536
2023-02-08,79.2989,79.5853,90.7219,91.203,98.3657,98.8235,113.6117,113.3638
2023-02-09,79.918,80.3599,91.9641,92.5967,99.4611,99.5131,113.4644,113.7312
2023-02-10,79.5209,80.1648,91.0522,91.1849,98.0213,97.8141,113.3666,113.186
2023-02-13,80.2617,80.8578,91.5899,91.6125,97.3783,98.0438,113.9355,114.1843
2023-02-14,79.8747,80.2054,91.0726,91.1776,96.4776,96.46,112.6103,113.247
2023-02-15,80.9412,81.2365,91.5465,91.4584,97.2376,98.0197,113.0365,113.4012
2023-02-16,80.4256,80.384,91.2731,91.2064,98.0338,98.9704,111.8543,112.1947
2023-02-17,79.8811,80.0457,91.2254,91.4451,98.8719,99.1848,112.319,113.0192
2023-02-20,79.3347,79.8492,90.2087,90.4152,99.6928,100.3054,112.2512,112.5253
2023-02-21,80.4673,80.8139,91.1842,91.9405,100.3459,100.6073,113.5589,114.0285
2023-02-22,80.3466,80.7643,90.9695,91.2507,100.6665,101.3176,113.6951,114.0341
2023-02-23,79.8699,80.5206,90.9553,91.4043,100.8521,100.867,112.8132,111.9464
2023-02-24,80.2014,80.2913,90.9517,90.7525,100.8156,100.1328,111.3729,111.5594
2023-02-27,80.7114,81.0074,91.1381,91.3792,101.3709,101.3698,111.2596,111.1661
2023-02-28,81.3641,81.7211,91.4137,91.3529,102.2005,102.7305,111.4033,111.5033
2023-03-01,81.4804,81.6884,92.3438,92.5325,102.8958,103.0017,110.9674,111.9053
2023-03-02,81.797,82.5183,93.6251,93.8432,103.2601,103.0959,111.624,111.8905
2023-03-03,83.5423,84.1228,95.1844,95.223,104.3847,104.5413,114.6745,115.8219
2023-03-06,83.3802,83.7847,95.0132,95.7432,104.1272,104.4996,114.2616,114.2464
2023-03-07,83.1129,83.9117,94.1404,94.5677,103.3385,103.3667,114.8639,114.8653
2023-03-08,83.0082,82.9326,93.5076,93.8234,102.7567,103.6461,113.1894,113.8579
2023-03-09,83.6697,83.9509,93.3804,93.6549,102.9484,102.9575,114.2138,114.4545
2023-03-10,84.7106,85.0508,93.7412,94.3941,104.0689,104.6462,115.1822,115.6726
2023-03-13,84.3921,84.4034,93.5225,93.319,103.8536,104.3806,115.3654,115.7017
2023-03-14,83.7098,84.0463,92.5478,93.1628,103.6752,103.7402,114.5133,114.8888
2023-03-15,83.6056,83.6011,92.2484,92.2381,102.9235,103.111,113.203,113.6585
2023-03-16,84.1771,84.6319,92.9989,93.1079,102.6505,103.3589,112.5143,113.3016
2023-03-17,84.7125,85.2285,93.5964,94.0691,103.56,104.0469,113.2948,114.2703
2023-03-20,85.3776,85.7144,93.4137,94.1167,103.6222,104.2219,114.5383,115.8505
2023-03-21,85.1711,84.9229,93.2717,93.2916,102.6691,102.7011,112.1367,112.9794
2023-03-22,85.4096,85.3385,93.3126,93.4717,102.2082,103.0125,113.3148,113.9838
2023-03-23,85.3598,85.7114,93.6751,93.9334,102.3315,102.9375,113.5885,114.3337
2023-03-24,85.0932,85.3436,93.8517,94.0449,102.2666,102.7937,113.5372,115.0077
2023-03-27,85.877,85.4655,94.0798,94.5708,101.6871,102.3973,113.6772,114.9206
2023-03-28,85.118,85.7776,94.2336,95.4759,101.7877,102.2073,115.3037,115.5029
2023-03-29,85.6903,86.0822,95.4562,95.8282,103.0817,103.3938,116.7447,116.8044
2023-03-30,84.9482,85.1735,95.6015,95.632,103.2153,103.589,117.4003,117.9071
2023-03-31,84.6374,85.398,95.8751,95.7209,103.6509,103.9443,117.9554,118.9436
2023-04-03,85.2978,85.6166,95.9456,96.0933,105.3417,106.3796,118.1619,119.0883
2023-04-04,84.2752,84.5613,95.8032,95.6452,104.3935,104.9921,116.6741,117.8127
2023-04-05,83.8798,84.4558,95.0433,95.3434,104.5956,104.5379,115.7638,116.7205
2023-04-06,83.4513,84.4221,94.7002,95.0006,102.4654,103.5206,115.0652,116.6447
2023-04-07,83.2145,84.1057,94.3583,94.3586,102.941,103.1422,115.4925,116.8837
2023-04-10,82.8796,83.4718,93.6106,94.3916,103.0651,103.4115,115.5762,116.7319
2023-04-11,84.7762,85.3815,95.5346,95.448,105.9259,106.3741,116.3015,117.9193
2023-04-12,84.2082,84.89,95.283,95.3783,104.4693,104.0412,113.9743,114.7311
2023-04-13,84.8213,85.0137,96.3172,96.5837,104.5619,104.7854,114.8069,116.1862
2023-04-14,84.0893,84.7059,95.3203,95.6152,103.064,103.2423,112.8138,114.275
2023-04-17,83.6993,83.9509,95.365,95.8077,102.6681,103.0651,112.6094,114.1812
2023-04-18,83.8395,84.3409,95.0716,95.3226,103.0331,103.4401,111.6804,112.5168
2023-04-19,84.4578,84.8341,95.5519,95.9854,104.4228,104.6146,113.0426,114.3427
2023-04-20,85.0641,85.6131,95.7098,95.7407,105.5272,105.6407,112.891,114.5698
2023-04-21,85.3731,85.8141,96.5371,97.0493,105.9347,106.4381,113.9112,115.5986
2023-04-24,85.0242,84.6205,96.9175,97.3573,106.066,106.276,113.1934,115.1834
2023-04-25,84.6244,85.0738,96.9066,97.4951,104.8808,105.0769,114.058,115.8867
2023-04-26,85.472,86.0236,97.6342,97.3336,105.689,105.8867,114.9947,116.4651
2023-04-27,85.3974,85.9117,98.1834,98.0574,105.6665,106.3825,116.1149,117.7236
2023-04-28,84.5267,84.9159,97.0988,97.4844,105.0307,105.1489,115.4036,116.743
2023-05-01,83.5646,84.4192,96.3819,95.7509,104.2681,104.2378,115.4236,116.7989
2023-05-02,82.8449,83.3659,95.7023,95.9191,103.301,102.8308,114.318,115.8222
2023-05-03,83.1825,83.7113,96.0325,96.4365,102.8667,102.6022,114.9838,116.1885
2023-05-04,82.875,83.5612,96.1498,96.0605,102.5473,102.5762,116.3954,117.6869
2023-05-05,82.8336,83.4756,96.3925,96.3374,102.7443,102.8646,117.9339,119.2188
2023-05-08,82.9373,83.2288,95.3525,95.2242,102.199,102.2348,117.7889,118.9731
2023-05-09,83.2896,83.1792,95.8934,95.8824,102.3669,102.6475,117.5932,118.9826
2023-05-10,83.6755,84.0659,96.8675,96.8059,103.0533,103.027,118.4288,120.1153
2023-05-11,83.2901,83.9847,96.2305,96.2109,102.0073,101.9857,118.967,120.001
2023-05-12,83.8981,84.3174,96.8313,96.7556,101.6984,102.2819,120.4144,120.9355
2023-05-15,83.2868,83.9988,95.8949,95.9452,102.0727,102.7403,119.3327,120.2237
2023-05-16,83.0133,83.5731,95.7585,95.8381,101.425,101.3932,118.5275,119.3964
2023-05-17,82.9498,83.7939,95.7607,96.448,100.9078,101.3111,117.4973,118.4033
2023-05-18,81.8288,82.2833,95.1681,95.1187,100.274,99.9975,117.1446,118.1766
2023-05-19,82.4109,83.0478,96.3336,96.4361,101.1513,100.9561,117.344,117.2565
2023-05-22,81.5566,82.2222,96.989,96.7573,101.037,101.0301,117.5845,118.61
2023-05-23,81.7015,82.6101,96.446,96.2881,100.8639,101.4527,118.3541,119.469
2023-05-24,81.7334,81.903,96.3984,95.9502,101.5495,101.5764,118.5109,119.2127
2023-05-25,82.0577,82.5483,96.617,96.2572,102.9865,102.8718,120.3142,120.8769
2023-05-26,82.9655,83.7973,97.1084,96.9264,103.7683,103.8832,120.263,120.5824
2023-05-29,83.1446,84.1319,95.8548,96.1716,102.7318,102.8514,121.6492,121.9459
2023-05-30,83.0977,83.6926,95.5122,96.0881,102.1267,101.9829,121.6829,122.215
2023-05-31,83.0104,83.4462,95.2579,95.0323,102.9133,103.5166,120.2816,120.8864
2023-06-01,81.7072,82.4406,94.5195,94.5839,101.0721,100.942,120.1284,120.4913
2023-06-02,80.6569,81.4116,93.4018,93.228,100.8322,100.7667,119.1624,119.4421
2023-06-05,79.6461,80.1032,92.3242,92.4533,99.5074,99.3396,117.4412,117.8466
2023-06-06,79.0581,79.661,91.4946,91.9666,98.6312,98.7083,115.6969,116.0706
2023-06-07,79.3191,80.1283,91.9148,91.948,99.5725,99.7993,114.9658,114.7781
2023-06-08,78.7117,79.6542,91.0496,91.2059,98.5384,98.9211,115.244,115.6297
2023-06-09,78.3586,79.0272,90.7905,91.3655,98.2728,97.9516,114.5767,115.3279
2023-06-12,79.3049,79.8204,90.8841,91.2226,100.0881,100.2375,114.8299,115.0672
2023-06-13,79.0726,79.5698,90.2259,90.2543,98.8943,98.9227,114.716,115.3674
2023-06-14,79.7489,80.3577,90.3177,90.6221,99.4359,99.5949,114.0382,113.9398
2023-06-15,79.205,79.631,89.5769,89.6318,99.1858,98.9785,112.5948,112.7415
2023-06-16,78.9665,79.4719,89.2529,89.6393,98.8885,98.692,112.9016,112.8117
2023-06-19,78.4767,78.7011,88.2529,88.6736,99.0207,99.1238,112.0132,112.5619
2023-06-20,78.1934,78.9497,87.53,87.4402,97.9837,98.0948,111.4867,112.2007
2023-06-21,78.9078,79.0859,88.0677,88.3631,97.8874,98.3162,112.2082,112.3925
2023-06-22,77.8696,78.169,86.7605,86.9835,96.3659,96.3839,110.0791,110.7755
2023-06-23,77.7774,78.2284,87.5852,87.9236,97.1112,97.0915,110.5368,111.3726
2023-06-26,78.3855,79.2568,87.8126,88.27,97.3255,96.5962,110.4814,110.7254
2023-06-27,77.9602,78.2503,86.6466,87.0723,97.381,96.8627,109.3495,109.6312
2023-06-28,76.1224,76.409,85.2794,85.5098,96.6199,96.5659,107.3441,107.8908
2023-06-29,76.1424,76.4495,84.9318,85.48,96.5421,96.2999,106.979,107.1491
2023-06-30,75.0855,75.9264,84.2333,84.3495,95.5253,95.8648,107.2876,107.7101
2023-07-03,75.1762,74.9954,84.6979,84.631,95.8148,95.4872,108.3698,109.3608
2023-07-04,75.31,75.5496,85.1948,84.5933,96.5391,96.4655,107.5711,107.7609
2023-07-05,76.2946,77.4299,87.0798,87.2152,97.2145,97.1829,108.3086,109.0157
2023-07-06,76.0566,76.7209,86.5542,86.5222,97.1303,97.586,108.2676,108.9536
2023-07-07,75.2818,75.5342,86.0086,86.1849,96.2944,96.1705,109.1496,109.5092
2023-07-10,75.6568,76.1485,86.5063,86.0029,96.7316,96.8686,108.4545,109.0462
2023-07-11,75.6132,76.1711,85.9367,85.8644,96.8765,96.9175,108.4232,109.5635
2023-07-12,76.8867,77.6016,87.3497,87.5919,97.6235,97.974,109.9315,110.656
2023-07-13,76.9888,77.9755,87.9652,87.8687,99.3706,99.6219,110.5821,111.4312
2023-07-14,76.9784,77.6646,88.0482,88.3829,99.5787,99.5601,110.4847,111.6437
2023-07-17,77.4149,77.9736,89.5816,89.6623,100.8489,100.4175,112.814,113.2431
2023-07-18,76.455,77.3705,88.5165,88.7133,98.9238,98.9837,112.311,112.5057
2023-07-19,76.1724,76.7037,88.1799,88.4912,98.0378,98.1998,111.9541,113.1109
2023-07-20,75.9128,76.3858,87.4082,87.8496,97.5329,97.7843,111.7968,112.4104
2023-07-21,75.6622,75.9421,86.7087,86.9637,97.4534,97.3998,111.8973,112.8234
2023-07-24,74.7314,75.0796,85.9073,85.9734,96.7156,97.0637,111.684,111.9608
2023-07-25,74.9299,75.5038,86.3696,86.5261,97.4025,97.4172,113.6322,114.185
2023-07-26,75.1115,75.575,86.5552,87.0263,97.9504,97.6013,115.1055,115.2103
2023-07-27,73.8154,74.64,85.6217,85.6392,96.3427,96.1648,114.3817,114.8611
2023-07-28,73.4087,73.8653,84.5094,84.8011,94.373,94.936,113.0853,113.265
2023-07-31,73.8475,73.8614,84.6265,84.9172,94.1034,94.3213,113.9699,114.0087
2023-08-01,74.1198,74.6502,84.7323,85.1154,94.4055,94.7637,115.4785,115.7429
2023-08-02,75.5578,76.2364,86.6279,86.7489,95.7731,95.5406,118.9136,118.2862
2023-08-03,77.6119,78.2706,88.7859,88.6724,98.799,98.6097,121.6171,121.4043
2023-08-04,77.4909,78.659,89.3013,89.7581,99.4095,99.184,122.1533,122.7178
2023-08-07,77.0631,77.717,88.6944,89.2577,99.7897,99.7871,120.3503,120.7884
2023-08-08,75.5809,76.5564,87.4677,87.2637,98.1168,97.9839,118.1062,118.077
2023-08-09,75.459,76.2744,87.2626,87.6836,99.5097,99.2325,118.2542,118.8477
2023-08-10,74.6969,75.5409,86.6316,87.2554,98.3405,98.1725,117.3822,117.4412
2023-08-11,73.9647,74.6373,87.2235,87.5928,97.4051,97.129,115.8194,116.425
2023-08-14,73.3422,74.1698,87.6611,87.7326,97.4143,97.2306,115.4926,115.7024
2023-08-15,73.247,73.9186,87.917,87.7956,96.4123,96.6225,115.8775,116.01
2023-08-16,73.625,74.5418,88.822,89.0043,96.6053,96.1212,116.8873,117.1452
2023-08-17,74.1554,74.9882,88.8856,89.1398,97.0331,97.0073,118.1403,119.2155
2023-08-18,73.8015,74.487,89.1863,89.3972,97.0416,97.3444,117.7922,117.6308
2023-08-21,73.1279,74.2555,88.3837,88.5137,96.0258,95.8712,117.3836,117.4964
2023-08-22,71.8074,72.8326,87.2198,87.0341,94.2883,94.0276,115.6979,116.0398
2023-08-23,71.9393,72.7539,86.7014,86.9419,94.1186,94.2545,115.349,115.0422
2023-08-24,71.6583,72.6031,86.6172,86.8778,94.4427,93.971,117.1869,116.4727
2023-08-25,72.9909,73.9109,87.9634,88.135,96.3131,96.0729,119.3617,118.9078
2023-08-28,73.2672,73.9989,88.1994,88.3514,96.0598,95.6196,119.232,119.2658
2023-08-29,73.8411,74.7828,89.2308,89.7664,96.3447,95.6977,121.5308,121.0831
2023-08-30,73.5103,74.2938,88.5775,88.4823,95.569,95.4633,120.9087,120.6581
2023-08-31,72.7562,73.422,87.3557,87.8095,94.7784,94.351,118.171,118.4818
2023-09-01,72.1367,72.6185,87.423,87.2445,93.6252,93.5226,116.5059,116.2902
2023-09-04,71.9019,72.66,87.9242,88.1389,92.6316,92.8792,115.2601,115.391
2023-09-05,73.1689,74.1473,89.7556,89.9856,93.1414,93.7024,116.5746,116.3495
2023-09-06,72.8592,73.5987,88.7869,88.671,92.99,93.0493,115.5993,115.9842
2023-09-07,73.1747,74.6344,89.2201,89.6479,93.6094,93.9528,115.9841,116.5048
2023-09-08,72.6615,73.7356,88.4707,88.5877,93.3624,93.4892,115.5985,116.2945
2023-09-11,73.0929,74.3033,89.8447,89.5598,93.7697,93.755,116.8752,116.9041
2023-09-12,73.4514,74.5798,89.7702,89.6488,93.4568,93.0866,117.6794,118.0414
2023-09-13,73.6185,74.9792,90.111,90.3949,93.2911,93.9351,116.6081,116.6596
2023-09-14,73.716,74.4973,90.4475,90.6765,94.7722,94.5013,117.1546,117.6068
2023-09-15,73.2216,73.5734,90.385,90.0682,94.4551,94.8934,117.9086,118.8169
2023-09-18,73.2419,74.057,90.694,90.6564,94.455,94.6676,118.7931,119.1113
2023-09-19,72.9267,73.9497,89.8135,89.913,94.4656,94.3137,118.6922,118.6336
2023-09-20,72.0571,72.9594,88.884,88.7744,92.9304,93.2802,116.2831,116.5959
2023-09-21,70.8563,71.8174,87.964,88.6191,91.6954,92.585,115.3143,115.2432
2023-09-22,71.1474,72.2754,87.9324,88.0148,90.9129,91.7743,116.4626,116.3906
2023-09-25,72.1825,73.0864,89.3491,89.2973,93.2735,93.43,117.9715,118.6419
2023-09-26,72.9498,73.8993,88.9364,89.2065,94.158,94.1477,117.7689,117.7372
2023-09-27,73.0031,73.544,88.4624,88.3223,93.8558,94.0911,117.6532,118.2208
2023-09-28,73.6008,74.0635,89.0311,89.23,94.1902,94.3648,117.4501,118.0154
2023-09-29,74.5708,75.6558,90.2052,89.6803,94.7146,95.3355,118.6485,119.1257
2023-10-02,74.6151,75.3604,90.4578,90.2293,94.7945,95.2335,119.7448,120.4099
2023-10-03,74.4597,75.0336,90.6246,90.7624,95.2825,95.0461,120.0253,120.1597
2023-10-04,75.1977,75.8178,91.4995,91.7708,96.1284,96.5985,122.1868,122.9592
2023-10-05,75.4078,76.0546,91.8012,91.4773,96.0498,96.3964,122.918,123.1733
2023-10-06,76.3363,76.9784,93.0514,92.7031,96.9319,97.4023,124.2077,124.5192
2023-10-09,76.193,76.7301,93.0047,93.0854,98.1743,98.6613,124.4232,124.7229
2023-10-10,74.9078,75.4274,92.2916,92.0375,97.0881,97.8166,122.1593,123.0149
2023-10-11,74.0293,74.8489,90.9698,90.7824,95.1413,95.8598,120.9354,121.5754
2023-10-12,74.8797,75.6284,91.8402,92.0121,95.9464,96.2951,123.9638,123.3315
2023-10-13,75.9958,77.1328,93.5222,93.241,96.981,97.5535,127.276,127.6051
2023-10-16,75.9809,76.9503,93.3758,92.7217,97.1432,97.5481,127.6468,127.1856
2023-10-17,75.9561,76.8944,93.2117,92.7041,96.6226,96.7343,127.4154,127.5646
2023-10-18,77.1789,77.8774,94.6096,94.4683,97.7754,98.4081,127.7854,128.152
2023-10-19,76.2967,77.1106,93.8913,93.1796,97.3173,98.4572,126.6416,126.8357
2023-10-20,76.0453,76.9155,92.8954,92.6334,96.7061,96.7841,125.2011,125.6221
2023-10-23,76.9183,77.8446,93.3798,92.8332,98.1481,98.63,127.2563,127.7365
2023-10-24,76.7639,77.4794,92.9751,93.3062,98.0685,98.4994,125.721,125.7717
2023-10-25,76.9183,77.8926,93.1898,93.6224,99.5447,99.9855,125.9513,126.0554
2023-10-26,77.4706,78.1623,93.3884,92.8878,99.2832,99.3793,125.322,125.658
2023-10-27,77.9158,78.7665,94.5796,94.3968,99.1789,99.2395,126.0068,125.868
2023-10-30,78.9638,79.4798,96.6186,96.0535,99.8215,99.9747,128.4246,128.5634
2023-10-31,79.2622,79.4635,97.5386,97.0556,99.8793,100.9354,129.4684,130.188
2023-11-01,79.9095,80.5943,98.4353,98.5227,99.7653,100.1934,130.463,130.045
2023-11-02,77.9799,78.8007,96.6589,96.1519,98.155,98.6865,128.932,128.9657
2023-11-03,78.3137,79.0401,96.3512,95.9208,97.0263,98.4073,129.12,129.1539
2023-11-06,77.4102,78.1295,95.4519,94.774,96.3009,96.8219,128.6936,129.6797
2023-11-07,76.2244,76.7864,94.4938,94.4001,94.5421,95.3727,128.0655,127.963
2023-11-08,76.1295,76.5229,93.7319,92.322,93.477,94.5347,127.099,126.9603
2023-11-09,76.2116,76.9099,93.7279,93.0896,93.5635,94.5554,126.2779,125.9362
2023-11-10,77.0006,77.6602,94.7465,94.1999,95.5387,95.713,127.0534,127.2808
2023-11-13,76.3282,76.7673,93.2521,92.5492,94.1144,94.4954,126.4804,126.7866
2023-11-14,76.2102,77.0395,93.1274,92.8634,93.9238,94.524,125.5359,125.5578
2023-11-15,75.8414,76.1704,93.2585,93.0625,93.088,94.1656,124.6266,125.398
2023-11-16,75.9132,76.3101,92.9175,91.9441,92.7364,93.0793,124.3766,124.8368
2023-11-17,76.6644,77.6032,93.351,93.3518,93.2343,93.6934,124.7767,125.543
2023-11-20,77.3138,78.0884,93.5618,92.6024,94.1032,94.7828,124.2899,124.6713
2023-11-21,78.0765,78.6215,94.5041,94.255,94.9994,95.7506,126.6261,127.1348
2023-11-22,78.1653,78.8505,94.4905,93.9355,96.1929,96.8262,125.3185,125.6936
2023-11-23,77.5442,78.2183,94.145,93.3617,96.0514,96.1891,124.2518,125.2756
2023-11-24,77.5145,77.5014,95.1494,94.3085,95.6223,95.8476,123.3751,123.9446
2023-11-27,77.5752,78.0219,95.6046,94.842,95.6849,96.1029,123.4575,123.9179
2023-11-28,77.5645,78.1993,96.2512,95.5023,95.3028,96.0885,122.8699,123.2287
2023-11-29,76.7648,77.3127,94.8203,93.8223,95.1631,95.4431,122.0914,122.4137
2023-11-30,76.5894,77.2797,94.7791,93.9833,94.6571,95.0439,122.3014,122.8857
2023-12-01,76.4671,77.3984,95.6865,94.6405,94.1512,94.4132,123.5721,124.2617
2023-12-04,78.7493,79.3475,98.2509,97.0317,96.3359,97.4092,126.3639,126.5192
2023-12-05,79.6507,80.1241,98.2877,97.308,98.2262,98.779,130.2448,130.5509
2023-12-06,79.0375,79.8168,98.0851,96.9511,98.3932,99.1597,127.8723,128.2845
2023-12-07,78.2798,78.9226,98.1253,97.2288,99.1508,99.5005,126.3177,126.9491
2023-12-08,77.2798,77.9273,96.0367,95.4276,97.9478,98.3001,126.142,125.7843
2023-12-11,76.749,77.4159,96.0722,95.4093,97.5315,97.3955,125.9652,125.9917
2023-12-12,76.9348,78.2193,95.5379,95.554,98.3844,97.977,126.9672,126.7872
2023-12-13,78.0518,78.2839,97.2882,96.086,99.4598,100.0562,128.2078,128.6128
2023-12-14,77.5409,78.2111,96.3788,95.9702,97.7741,98.0492,127.7756,127.7622
2023-12-15,77.5235,78.2022,95.2221,94.668,97.7305,97.933,127.3768,127.5542
2023-12-18,75.9989,76.4655,93.3598,93.0976,95.4065,95.1994,124.241,124.2359
2023-12-19,76.0742,76.9391,93.4526,93.1477,95.0116,94.9593,124.4552,124.707
2023-12-20,75.192,76.03,92.6756,92.0763,94.1636,94.6641,123.4541,123.3927
2023-12-21,74.9004,75.5203,92.4125,91.9533,93.8562,94.5933,124.1659,124.7009
2023-12-22,74.8594,75.3978,91.2589,90.5839,93.3716,93.4318,124.3342,124.6866
2023-12-25,74.3989,75.0248,90.6514,90.3794,93.7663,94.1825,124.0484,124.2606
2023-12-26,73.1046,73.737,89.6261,88.6583,92.5938,92.921,121.454,121.5362
2023-12-27,71.9308,72.595,89.2914,88.9278,91.246,91.4673,121.2897,120.6033
2023-12-28,73.1319,73.7986,91.3709,90.7235,92.9789,93.7801,122.8842,122.7879
2023-12-29,72.3063,73.0373,89.6179,88.9614,91.6286,91.8023,121.512,121.2757
2024-01-01,71.8152,72.6607,88.218,87.6639,90.6613,91.362,120.1347,120.291
2024-01-02,73.0227,73.4861,89.7254,89.2202,93.4531,93.8434,122.164,122.4588
2024-01-03,75.2216,75.7441,90.9969,90.9906,96.2643,96.5061,125.5815,125.8393
2024-01-04,74.5058,74.8728,89.9001,90.4093,95.5477,96.2074,124.0697,124.6886
2024-01-05,74.4386,75.3677,89.7672,89.6571,94.6407,94.9989,123.9081,123.8403
2024-01-08,74.7101,75.5053,89.3484,88.7826,95.3288,95.5856,123.7068,123.6488
2024-01-09,76.1477,76.9741,91.0053,90.7701,97.2505,97.931,125.4159,125.9205
2024-01-10,75.8198,76.1223,90.4164,90.1152,97.014,97.6072,123.9325,124.1441
2024-01-11,75.8885,76.8739,89.9176,89.1942,97.1929,97.7724,123.8253,123.8298
2024-01-12,76.5594,76.946,90.5213,89.6804,98.7747,97.7505,124.7099,125.4634
2024-01-15,76.7996,77.3688,90.3118,89.8506,99.8468,100.0684,126.7727,126.8921
2024-01-16,76.6065,77.3317,89.8649,89.6636,99.8352,99.9382,126.2514,126.0846
2024-01-17,75.8766,76.2237,89.6964,88.8676,99.3788,99.5397,124.5351,124.2387
2024-01-18,74.473,74.9919,88.6445,88.058,98.7104,99.0243,123.7319,124.0701
2024-01-19,73.8431,74.5211,88.6096,88.3527,97.8581,98.0837,123.5642,123.5455
2024-01-22,73.8712,75.1442,88.1831,87.7976,97.2854,97.5899,122.8532,122.7246
2024-01-23,74.0301,74.7222,88.3818,88.4023,98.1096,98.1061,122.7801,122.905
2024-01-24,73.4055,74.412,87.9806,87.2264,96.8601,97.3951,121.5655,121.7587
2024-01-25,73.4708,74.3893,88.9672,89.1656,97.5227,97.8335,123.1658,123.1164
2024-01-26,73.9439,74.6556,89.8814,89.043,98.0514,98.3276,124.3823,124.452
2024-01-29,74.7653,75.1524,90.3659,89.3446,97.8756,98.2209,123.0689,122.9983
2024-01-30,75.4226,76.2568,90.4155,89.9604,97.9081,98.5053,123.4555,123.4418
2024-01-31,75.4684,75.7616,90.1772,89.467,98.4325,98.956,124.2795,123.8205
2024-02-01,75.374,76.3893,90.1531,89.7493,98.5086,98.6733,124.135,124.661
2024-02-02,74.5935,75.3251,89.2609,88.8904,97.9335,98.4285,122.8532,122.3605
2024-02-05,74.1784,74.306,89.9125,89.4802,98.1273,98.4355,122.4606,122.4874
2024-02-06,73.7988,74.46,90.1475,89.5009,97.7831,98.6699,121.9208,121.3698
2024-02-07,74.955,75.8479,91.5522,91.2731,99.6052,100.3153,125.2935,125.1714
2024-02-08,76.0326,76.7195,92.67,92.2302,101.6642,101.7944,126.9492,126.728
2024-02-09,75.7459,76.7058,92.8119,92.8155,100.3237,101.4354,126.6429,126.8202
2024-02-12,75.069,75.6501,91.7075,91.3401,100.067,99.7869,125.6688,126.0163
2024-02-13,74.3813,74.853,90.6203,90.0589,98.9009,99.5048,124.8898,124.8049
2024-02-14,74.9444,75.6926,91.3966,90.5829,100.2737,100.4163,126.3661,126.8437
2024-02-15,75.0903,75.9132,92.0424,91.619,100.0359,100.9278,126.1263,127.2066
2024-02-16,75.2004,75.9489,91.8909,91.211,100.3414,100.7866,125.8106,125.8873
2024-02-19,74.2979,75.4183,91.0851,90.3362,98.9074,99.1124,125.0662,125.239
2024-02-20,74.5788,75.2627,91.7633,91.5573,100.2073,100.4707,126.2481,127.0446
2024-02-21,75.0705,76.0307,91.9206,91.0014,100.5505,100.6919,126.9735,127.4607
2024-02-22,74.5,75.3512,90.6412,90.614,99.0462,99.3412,125.8245,126.246
2024-02-23,74.0179,74.5072,89.5871,89.294,98.7076,98.9656,125.4194,126.1112
2024-02-26,74.1272,74.6687,90.5352,90.1431,99.2712,99.3817,125.1469,125.2024
2024-02-27,74.1891,75.0528,91.1534,90.4969,98.5974,99.0066,125.3747,125.5273
2024-02-28,74.0511,75.3546,91.0318,90.8584,98.5768,98.9845,125.7495,125.8491
2024-02-29,74.0421,75.0416,90.6515,90.3115,98.4107,98.4349,126.7271,126.7952
2024-03-01,74.2636,74.7138,91.1999,90.5694,97.9385,97.7863,125.1676,126.0929
2024-03-04,74.7081,74.8348,91.5494,91.125,99.3509,99.6336,125.2225,124.9961
2024-03-05,75.6857,76.6651,92.8465,91.8508,100.4793,100.8714,127.2551,127.1958
2024-03-06,74.2701,75.0502,91.5053,90.4057,98.1057,98.5391,125.4814,125.1797
2024-03-07,74.5766,75.6031,91.457,90.4639,97.4364,97.8276,126.5627,127.1649
2024-03-08,75.2785,75.7731,92.3339,91.7166,97.921,98.6008,126.4721,126.3983
2024-03-11,75.3582,76.1057,92.6497,91.911,98.6816,99.1587,127.9335,127.9077
2024-03-12,74.7902,75.7367,92.1888,91.7709,98.3264,99.3324,127.7192,127.1858
2024-03-13,73.6839,74.3301,90.3521,89.4136,97.1563,98.2063,126.5032,126.469
2024-03-14,73.9251,74.5759,90.2142,89.6725,97.3413,96.9223,127.4207,127.6676
2024-03-15,74.8451,75.6578,91.7184,90.9941,98.5159,97.9752,128.6851,128.794
2024-03-18,73.4648,74.4286,90.8405,89.8259,97.6642,97.7254,127.2216,127.2798
2024-03-19,74.039,74.9028,91.9158,91.2026,98.0503,98.2583,129.2491,128.7235
2024-03-20,73.936,74.9819,91.7177,90.887,96.6159,96.6631,129.2191,129.1324
2024-03-21,73.7262,74.438,91.464,90.5099,97.563,97.7935,128.7616,128.9934
2024-03-22,72.8232,73.3755,90.4506,89.6915,96.4464,96.3829,126.1975,126.0398
2024-03-25,72.6809,73.9024,90.5397,89.6558,96.188,95.9559,126.2222,126.6231
2024-03-26,73.1997,73.8901,91.775,90.8121,98.1213,97.9165,127.5063,128.1041
2024-03-27,73.9844,74.6415,92.4632,91.4012,98.755,98.6061,127.3757,127.5425
2024-03-28,75.2662,76.0355,93.5171,92.2049,100.5157,100.695,129.5102,130.0963
2024-03-29,76.3523,77.2033,94.3687,93.4852,101.1767,100.9718,130.7566,131.0254
2024-04-01,76.6413,77.4175,93.3739,92.3407,100.7688,100.6985,131.2325,131.9862
2024-04-02,77.9788,78.8331,95.0079,93.8816,102.1244,102.3409,133.2227,134.3403
2024-04-03,78.1722,79.019,96.4068,95.3976,102.5556,102.4173,132.9752,132.8797
2024-04-04,78.2328,79.164,96.9099,96.2356,103.3586,103.59,134.8994,135.4922
2024-04-05,77.6795,78.0246,96.7007,95.8591,102.9166,102.4882,134.5456,135.3125
2024-04-08,77.3345,78.6893,96.7963,95.786,103.1269,102.6294,133.5191,133.4816
2024-04-09,76.37,77.288,96.0303,95.023,101.2687,101.2626,130.5839,130.7966
2024-04-10,76.8312,77.9543,97.5421,96.8492,102.3272,102.3364,132.9744,132.9903
2024-04-11,76.4666,77.0625,96.6001,95.0014,101.4067,100.9603,132.1777,132.4101
2024-04-12,77.1057,77.8933,97.3376,96.5691,102.9671,103.1277,133.6017,133.8231
2024-04-15,77.2986,78.0402,97.2827,95.7428,102.9138,103.1931,133.7291,134.1164
2024-04-16,78.1009,79.3544,98.6383,97.2041,103.4744,103.021,136.0671,136.8616
2024-04-17,78.8462,79.5977,100.6864,99.4184,104.0175,104.2987,136.9043,136.5599
2024-04-18,79.9477,81.0506,102.2853,101.8029,105.601,104.6862,138.599,138.7188
2024-04-19,80.6547,81.4221,103.0417,102.4578,106.6436,106.8251,139.2694,140.1425
2024-04-22,80.0858,80.8766,101.0347,100.2023,104.9985,104.527,137.7606,138.5425
2024-04-23,79.8314,80.6425,100.7267,99.8291,104.2492,104.4998,138.8868,139.0166
2024-04-24,79.2164,80.3372,100.041,98.5116,102.4413,102.1218,137.5862,138.2365
2024-04-25,79.179,79.5084,98.9337,98.1396,101.9609,101.9069,138.4528,139.2841
2024-04-26,80.1676,80.633,99.5224,98.5684,103.7387,103.4396,141.1334,141.3831
2024-04-29,80.7735,81.1,100.0578,99.007,104.0668,103.9964,141.9504,141.7542
2024-04-30,79.9389,80.4782,99.9068,99.051,103.7704,104.3312,143.5987,143.9774
2024-05-01,79.3072,79.924,98.7635,97.8001,103.09,103.0346,144.3178,144.9895
2024-05-02,79.2952,79.7503,98.7006,98.1593,103.2085,103.7153,145.746,145.2623
2024-05-03,78.2073,78.8958,96.8902,95.6385,102.0514,101.8541,143.0046,142.9374
2024-05-06,77.8026,78.2012,96.44,95.8692,101.2677,101.6599,143.6435,143.8113
2024-05-07,78.3136,78.933,97.0321,96.1506,102.1322,101.5898,143.8728,143.5609
2024-05-08,79.3521,80.4822,97.5274,96.7962,103.9638,103.6997,145.83,144.616
2024-05-09,80.3927,81.3143,98.6792,98.0946,105.043,104.6427,144.7852,144.5635
2024-05-10,79.0581,79.9151,97.0985,96.034,102.6077,102.8578,141.9594,141.058
2024-05-13,79.0018,79.5908,97.7818,97.0607,102.777,102.6402,141.2584,140.3952
2024-05-14,79.9258,80.2954,97.9817,97.1517,102.901,102.0745,141.339,140.2664
2024-05-15,80.1827,80.6545,98.4135,97.4315,103.6528,103.0447,141.1754,141.3938
2024-05-16,81.5102,82.2701,99.9641,98.984,105.6961,105.0739,144.8056,143.9359
2024-05-17,79.9303,80.8966,98.4951,97.6569,102.4036,102.452,143.2787,142.8632
2024-05-20,79.2707,80.2849,97.1262,96.223,101.6067,101.6501,144.7084,144.3666
2024-05-21,79.4383,80.3948,97.1034,96.4739,102.1555,101.8882,144.8782,144.3694
2024-05-22,78.2349,78.8768,95.2801,94.6209,99.7536,99.5111,144.1271,143.6976
2024-05-23,78.9519,79.8367,96.1921,95.5084,101.3542,101.487,144.1885,143.9727
2024-05-24,79.4536,80.2523,96.8521,96.8014,101.1552,100.714,144.6187,144.2963
2024-05-27,80.5702,81.3842,97.6468,97.263,102.0023,102.0355,144.793,144.1737
2024-05-28,79.8437,81.2023,97.4344,96.7858,102.3382,102.3721,143.9751,143.3346
2024-05-29,80.342,80.7848,98.4009,97.9123,103.7247,103.5866,144.504,144.3187
2024-05-30,81.0003,81.8235,99.1184,98.3194,104.7012,104.6384,145.4286,145.2926
2024-05-31,81.14,82.2749,99.7336,99.0851,105.1761,104.9849,144.7139,144.9636
2024-06-03,81.5778,82.0181,99.5465,98.9728,105.072,105.0927,144.5823,145.1224
2024-06-04,81.6486,82.3082,99.6937,98.8925,106.3177,105.6681,144.7158,144.997
2024-06-05,81.5769,82.1986,99.2974,98.9218,106.4384,106.3124,144.7296,144.3461
2024-06-06,81.2442,81.9406,97.4759,97.001,106.1336,106.1553,144.7637,143.8103
2024-06-07,81.3076,81.6961,98.7171,98.1763,105.2465,105.118,145.893,145.6227
2024-06-10,81.4713,82.4341,99.8188,99.1329,106.6506,106.4713,144.923,144.3579
2024-06-11,82.6503,83.6675,99.9369,100.3223,107.4048,107.071,146.0789,145.8075
2024-06-12,81.8862,82.8519,99.7599,98.9877,105.9143,105.9127,145.8505,145.9356
2024-06-13,81.9064,82.5138,99.3841,98.2187,105.7079,105.4182,146.1069,146.0821
2024-06-14,83.2154,84.047,100.7406,99.6633,106.9547,106.3242,147.5849,148.3758
2024-06-17,82.9625,83.5125,99.8111,99.4337,106.2491,106.1994,147.6385,147.7644
2024-06-18,82.2395,82.9303,99.9272,99.6445,105.7825,104.9206,146.7037,147.4303
2024-06-19,82.443,83.7882,100.0687,99.2289,105.6923,105.4436,146.438,146.7412
2024-06-20,83.1331,83.9348,100.7247,100.5065,106.7938,106.3706,148.2415,148.6278
2024-06-21,83.3976,83.8546,101.21,100.7152,106.8105,106.3375,148.288,148.1334
2024-06-24,84.5984,85.4049,102.8046,102.0009,107.7605,107.3981,149.3965,148.9753
2024-06-25,85.1252,85.5257,103.3465,102.5257,108.4076,107.7489,149.7079,149.6874
2024-06-26,85.6709,86.164,104.2611,103.6031,110.0684,109.7139,150.3182,150.4926
2024-06-27,86.0203,86.581,106.3222,105.754,110.1476,109.6886,150.4302,150.4414
2024-06-28,87.879,88.5953,108.5916,107.8202,113.1044,112.4827,154.9132,154.6498
2024-07-01,87.6696,88.7613,108.4377,107.3197,113.9483,113.9776,155.0285,155.3761
2024-07-02,86.6364,87.5393,106.5103,105.608,111.675,111.3475,153.4702,153.0322
2024-07-03,88.1258,88.997,108.7794,108.5253,112.0182,111.8794,156.0553,155.2672
2024-07-04,87.6593,88.1399,108.5031,107.6777,112.119,112.2541,154.6256,154.2503
2024-07-05,88.4745,89.0462,108.6471,108.0532,111.9898,112.1277,153.4121,153.4619
2024-07-08,89.0084,89.8179,108.9405,108.3533,112.6494,112.5302,154.3138,154.1105
2024-07-09,86.8868,87.5098,106.59,106.0215,110.8147,110.435,151.1398,151.3152
2024-07-10,85.9593,86.6338,105.1162,104.4885,109.3054,108.5289,149.4213,150.042
2024-07-11,84.4567,85.3059,103.5565,103.2269,108.4073,108.0967,147.9438,148.4611
2024-07-12,83.9423,84.5864,103.2012,102.7961,107.727,107.6645,147.477,147.3327
2024-07-15,83.9399,84.7191,104.0375,103.4775,109.0039,108.6583,150.001,149.3564
2024-07-16,84.2691,85.3957,103.9375,103.0922,109.6878,108.0763,150.4541,150.1017
2024-07-17,85.3692,86.0038,104.2457,103.6803,109.6405,109.4025,151.6279,151.7704
2024-07-18,84.6179,85.5752,103.9186,103.1716,108.1693,107.8853,151.5581,151.7019
2024-07-19,83.0663,83.8652,102.2123,101.3455,105.5949,104.9733,147.9864,147.889
2024-07-22,82.8562,83.1401,102.3937,102.5037,105.9729,105.7635,148.5997,148.8121
2024-07-23,82.2553,82.6637,101.542,100.4195,105.8215,105.4558,148.9015,149.169
2024-07-24,82.0971,82.5877,102.5824,102.1619,106.4162,105.6216,150.1296,149.396
2024-07-25,82.732,83.2584,102.7413,101.795,107.112,106.9664,151.0347,151.2629
2024-07-26,82.7429,83.4375,102.8214,102.1377,107.4593,106.5628,150.4684,149.9646
2024-07-29,82.9074,83.8556,104.4353,104.4481,108.0054,107.4667,149.314,149.5958
2024-07-30,82.9371,84.0434,104.6607,103.571,107.5084,106.9996,149.7513,150.0114
2024-07-31,83.0281,83.9546,104.7901,103.8175,107.5239,106.8796,149.9213,149.0087
2024-08-01,82.1447,82.8986,104.533,103.7971,106.7639,106.4695,148.1888,147.7925
2024-08-02,81.9528,82.2897,104.0225,103.0715,106.8769,106.8974,148.3614,147.8495
2024-08-05,81.5764,82.4883,104.0317,103.5878,107.6723,107.6268,146.947,146.2904
2024-08-06,82.3689,83.2843,104.8312,103.9557,107.536,107.3577,148.6848,149.1789
2024-08-07,82.3885,83.3723,105.3114,104.7133,106.6041,105.7005,148.816,149.7639
2024-08-08,82.9222,84.4066,105.4761,104.2452,106.9542,106.1934,148.9847,148.8378
2024-08-09,82.0805,83.3834,105.0914,103.7545,107.2193,106.9399,148.8195,149.14
2024-08-12,81.6911,82.9113,104.4958,103.6858,106.5302,106.1983,147.651,148.3844
2024-08-13,82.7049,83.4798,105.1661,103.8789,107.296,106.8205,149.3977,149.5975
2024-08-14,80.684,81.559,103.2638,103.0138,104.8413,105.2487,147.3125,147.4025
2024-08-15,79.6122,80.5893,102.0001,100.8282,104.1148,103.9903,145.3375,145.3963
2024-08-16,78.4293,79.2511,101.6924,100.5691,102.7426,102.8118,143.6762,144.0602
2024-08-19,77.1627,78.2684,99.705,99.0069,100.4381,100.6134,140.5472,140.9478
2024-08-20,76.765,77.8664,99.3887,98.4079,100.181,100.0447,138.9922,139.2902
2024-08-21,77.6871,78.4673,100.2758,98.9672,101.3901,101.973,141.4515,141.4406
2024-08-22,77.498,78.8232,100.1443,99.8563,100.428,99.9891,141.724,141.3395
2024-08-23,78.0868,79.1393,99.9413,98.7277,99.8872,99.5717,141.6927,140.7122
2024-08-26,78.8296,79.4655,100.9684,99.9913,101.9051,101.3312,143.7226,143.7704
2024-08-27,79.8708,80.9256,102.1512,101.1903,103.579,103.7117,146.9819,145.9314
2024-08-28,79.3778,80.5236,101.8826,101.2147,103.6863,103.6022,148.0318,147.8303
2024-08-29,80.4071,81.7098,103.2882,102.5763,105.0339,104.535,149.6676,149.5628
2024-08-30,80.3261,81.33,103.5708,102.4616,105.0573,104.4675,148.6403,147.7864
2024-09-02,79.4806,80.7855,102.5148,101.5693,104.3811,104.5098,146.5601,146.1254
2024-09-03,79.0853,80.2236,101.9277,101.0173,104.0013,103.8018,145.2618,146.1856
2024-09-04,77.5634,78.3559,100.2271,99.6561,102.8231,102.9968,144.5384,144.4548
2024-09-05,76.8403,77.6051,98.8002,97.7249,103.0526,102.6772,142.6413,142.0894
2024-09-06,76.8728,78.2077,98.228,98.1092,102.2066,102.0354,141.3567,141.7108
2024-09-09,77.5428,78.8899,99.5805,98.5948,103.7472,103.5009,141.4009,141.0503
2024-09-10,78.4936,79.6873,102.1424,101.2684,105.159,104.6636,143.0588,142.2352
2024-09-11,77.8704,79.2904,101.1353,99.8967,103.5948,103.2731,141.2378,141.3912
2024-09-12,78.3856,79.7017,100.9336,99.7019,103.5698,102.9403,140.7198,140.328
2024-09-13,77.3167,78.5524,99.7671,98.738,102.8756,102.7526,140.517,140.5661
2024-09-16,77.2421,78.1177,100.2818,99.1675,103.6445,103.554,141.0871,140.5342
2024-09-17,77.1647,78.6698,100.2001,99.2439,102.924,102.9745,142.9911,142.8529
2024-09-18,76.2371,77.4165,97.9854,96.9218,101.6276,101.5454,139.434,139.1742
2024-09-19,76.8419,77.8001,98.8867,98.3334,102.4992,102.1716,142.2487,140.7092
2024-09-20,76.703,77.5539,97.7375,96.8001,101.6118,101.8362,142.6674,142.2291
2024-09-23,76.4555,77.5625,98.0213,97.0521,100.6759,100.7118,141.5397,140.8131
2024-09-24,75.8771,76.5403,97.0126,96.2584,99.7322,99.9264,139.8318,139.8047
2024-09-25,75.9226,77.0952,96.3335,96.0004,98.752,98.9837,138.0665,137.6012
2024-09-26,76.1369,76.9724,95.9764,95.4934,98.5081,98.2834,137.7256,137.4416
2024-09-27,76.0406,77.1776,95.3397,94.8128,98.7204,98.6716,137.3627,136.464
2024-09-30,76.2538,77.2438,95.8351,94.9223,98.5151,98.6486,137.7381,136.7821
2024-10-01,76.3986,77.4556,96.0105,95.1469,99.6644,99.1084,137.0881,136.5576
2024-10-02,77.3623,78.3001,97.6726,96.7056,100.1141,99.6424,140.805,139.9524
2024-10-03,76.9843,78.0497,98.0664,97.8365,99.644,99.0689,140.644,140.5888
2024-10-04,76.4155,77.9211,97.1471,96.6914,97.5664,97.441,139.2302,138.4801
2024-10-07,76.9918,78.4183,98.4241,97.4524,98.1939,98.0508,140.6584,139.3669
2024-10-08,76.4934,77.684,98.8619,97.9961,97.4352,96.919,140.2145,139.1688
2024-10-09,77.4877,78.6188,100.1082,99.1331,99.3307,99.2093,141.521,141.2741
2024-10-10,77.9401,79.2762,100.3867,99.3687,99.6012,99.411,141.8978,141.1194
2024-10-11,77.6393,79.0736,100.8463,100.0908,99.0346,99.2132,141.9996,141.2185
2024-10-14,78.0206,78.9679,101.5932,100.529,98.705,99.1546,142.9742,142.7642
2024-10-15,79.2275,80.4,103.5137,103.1463,99.7287,99.7526,145.2925,144.3994
2024-10-16,80.4249,81.2047,105.0133,104.4326,101.6045,101.2557,149.1754,147.5653
2024-10-17,81.1345,82.5918,104.738,104.2513,101.442,101.4368,148.906,148.0415
2024-10-18,81.1838,82.8728,104.9077,104.1846,101.5845,101.4282,149.5029,149.0129
2024-10-21,81.9591,83.2358,106.1849,105.0459,101.0611,100.9461,150.4988,149.7958
2024-10-22,81.2764,82.0095,105.1299,104.3452,100.2071,99.8901,150.653,149.2855
2024-10-23,81.6262,83.0129,106.3394,105.1762,101.0033,100.717,151.8381,151.6437
2024-10-24,81.6598,82.6532,107.2499,106.6349,102.09,101.8388,151.8654,151.3459
2024-10-25,81.4111,82.5038,108.2983,107.216,101.3312,101.3981,152.5603,152.1459
2024-10-28,80.912,82.3342,107.9477,106.8398,100.2526,100.2752,151.3613,150.9217
2024-10-29,79.3919,80.7309,105.9336,104.8151,98.4787,98.8936,149.9779,148.6363
2024-10-30,78.1138,79.2451,104.5054,103.8383,96.9885,97.0085,147.4235,146.9475
2024-10-31,77.341,78.4142,103.1577,101.5153,95.4313,95.3733,145.2213,145.1437
2024-11-01,77.2568,78.5056,101.9473,101.3977,96.0317,95.6578,145.3459,145.3524
2024-11-04,76.9105,78.0143,101.9874,100.7988,95.481,94.9565,145.6747,145.4757
2024-11-05,78.5601,79.4851,104.3482,102.6903,96.7961,96.4385,149.7906,149.4136
2024-11-06,79.3546,80.4583,106.0058,104.494,98.0992,97.6245,150.256,148.8746
2024-11-07,78.8416,80.0345,105.6593,103.8881,97.4306,96.4186,149.7164,149.065
2024-11-08,78.8187,79.928,106.2077,105.1248,98.095,97.5294,148.0807,147.1373
2024-11-11,78.5656,79.3863,107.3531,105.6508,97.578,97.7326,147.5275,147.5342
2024-11-12,78.5837,79.9794,107.1882,105.8648,96.5507,96.4001,145.8011,145.7967
2024-11-13,78.5059,79.0496,107.3441,106.2916,96.3272,95.9789,144.9904,143.9391
2024-11-14,78.9797,80.0727,107.1567,105.5644,97.9301,97.6688,145.864,145.1822
2024-11-15,78.3391,79.3712,107.5767,106.0136,98.263,97.2965,143.973,143.4777
2024-11-18,79.0322,80.2462,108.2456,106.3337,99.7235,99.3288,144.476,144.2877
2024-11-19,78.596,79.8706,106.8674,105.2713,98.4117,98.2879,142.567,141.3497
2024-11-20,78.5986,80.0172,107.1712,106.507,98.9602,98.4558,143.0459,141.6735
2024-11-21,80.4984,81.4992,110.6043,109.2636,100.9235,99.9845,145.7672,145.4717
2024-11-22,81.188,82.4727,111.6278,109.8257,100.3082,99.8085,146.4769,145.058
2024-11-25,81.5603,82.7928,112.9341,111.0332,101.2691,101.2427,148.2395,148.0738
2024-11-26,81.7597,82.4997,112.7587,111.0509,102.3457,101.9573,149.4524,149.4734
2024-11-27,82.2159,83.8694,113.7171,111.9367,103.6757,102.724,151.3919,151.6825
2024-11-28,81.8424,82.7125,113.9562,111.9374,103.377,103.6557,149.3749,149.0206
2024-11-29,81.8228,83.1205,114.254,112.4834,102.6558,101.8639,150.2602,150.2274
2024-12-02,81.6957,82.9185,113.2311,111.021,101.3487,100.9198,149.0122,149.0715
2024-12-03,82.1583,83.3107,114.4452,112.1556,101.9234,101.2105,149.703,149.1496
2024-12-04,81.8004,82.723,113.6606,111.8492,101.557,100.8089,147.5173,148.0895
2024-12-05,81.8146,83.0898,114.1153,111.7293,102.2465,101.6253,148.9375,149.2235
2024-12-06,82.5493,83.2482,115.8279,114.0036,104.1624,103.8605,152.283,151.9217
2024-12-09,83.4105,84.4327,116.9433,114.7565,104.0853,104.076,152.592,152.6916
2024-12-10,83.2914,84.1712,117.6958,114.7476,103.8708,103.3224,151.6056,151.5778
2024-12-11,83.6944,84.5056,118.5895,116.2865,103.8219,103.1597,152.1963,152.578
2024-12-12,83.2191,84.3318,118.3184,115.4229,104.1238,103.9945,150.549,150.4139
2024-12-13,84.5786,85.8211,119.7272,117.6362,104.814,104.7108,153.5184,153.7077
2024-12-16,83.819,84.6211,117.9848,115.5604,103.3106,103.1261,151.0376,150.7166
2024-12-17,83.4099,84.5142,118.5445,116.8269,103.0483,102.8357,149.3685,149.0368
2024-12-18,82.0034,82.9292,116.2879,114.3342,100.9863,100.6749,146.0212,146.0967
2024-12-19,80.5342,81.234,115.3388,112.651,100.2965,99.9387,143.8773,143.5018
2024-12-20,81.7549,82.6023,116.6994,113.6485,100.9354,100.5435,146.322,146.6268
2024-12-23,82.2029,83.0891,117.7782,115.1349,101.5248,101.4967,145.9569,146.3926
2024-12-24,81.1705,81.9732,116.9411,114.0661,100.8426,101.2388,146.1126,145.8486
2024-12-25,79.9092,81.0344,115.6102,113.7746,98.2508,98.0627,144.574,144.81
2024-12-26,77.7497,78.8082,113.5309,111.0659,95.2443,95.0422,139.7169,139.5552
2024-12-27,77.4708,78.0939,112.7896,110.6355,94.7182,94.6731,138.978,138.4204
2024-12-30,79.5803,80.1514,115.5914,113.0452,97.3889,97.0249,143.5547,143.2653
2024-12-31,80.071,81.1602,115.4884,112.9584,97.7502,97.7834,142.429,142.5032
2025-01-01,79.903,80.7115,115.4554,112.9084,97.5592,97.4132,140.8629,141.2896
2025-01-02,80.426,81.4887,116.5088,114.2348,98.3363,97.8831,142.0146,142.3145
2025-01-03,79.3618,80.5313,115.7463,113.1725,96.822,96.6875,140.1573,140.8063
2025-01-06,79.7476,80.3858,115.4477,112.447,96.7538,96.3402,139.2781,139.2311
2025-01-07,79.6931,80.3136,115.858,113.7799,97.0893,96.3545,140.7928,140.8539
2025-01-08,79.9626,81.2967,115.4652,112.7381,97.6553,97.2313,141.1514,142.0254
2025-01-09,80.9694,81.9695,116.6256,113.767,98.0365,97.5827,142.3332,141.7824
2025-01-10,81.0962,81.9207,117.1751,113.4313,97.5321,97.3603,142.0198,142.0142
2025-01-13,82.1037,82.7597,117.8053,115.2865,96.7905,96.6892,142.1409,141.9576
2025-01-14,81.9308,82.7025,117.158,114.439,95.7441,95.3764,141.5683,141.8207
2025-01-15,83.2469,83.8438,118.3851,115.6151,95.3584,94.9491,141.6337,141.9994
2025-01-16,84.4566,85.6064,119.8669,116.857,98.1519,97.6978,144.3603,145.2023
2025-01-17,83.7625,84.4992,118.7072,115.65,97.2454,96.9186,144.6143,145.1902
2025-01-20,83.2842,84.488,118.3491,115.3603,95.9386,95.7426,142.9341,142.8835
2025-01-21,84.6138,85.3801,121.7146,118.8048,96.6299,96.3803,145.0121,145.2014
2025-01-22,84.8473,85.3893,121.2208,118.3478,97.3461,96.8832,146.222,146.5567
2025-01-23,85.565,86.318,122.2458,119.0456,98.1025,98.0038,150.0121,150.4502
2025-01-24,85.1057,85.2883,121.6239,118.9499,97.3842,96.7507,150.9122,152.0737
2025-01-27,86.0607,86.9063,122.696,119.6528,98.2456,98.5671,151.1873,151.7375
2025-01-28,86.6898,87.4819,122.6525,119.5082,98.3371,98.1344,151.139,150.8167
2025-01-29,87.1151,88.1674,123.1564,120.259,98.9142,98.0722,152.1644,152.2483
2025-01-30,88.7566,89.0246,124.6589,121.1664,100.8028,100.2719,154.054,154.3586
2025-01-31,88.251,89.3556,124.4861,121.5543,101.1805,100.7551,155.211,155.1034
2025-02-03,87.0008,88.0628,123.1789,119.6867,100.0146,99.3359,155.5237,155.7025
2025-02-04,86.4939,87.66,122.8307,119.4721,100.3336,99.3104,153.7535,152.5477
2025-02-05,86.4372,87.3122,123.0581,119.3456,100.4389,99.5412,154.0312,154.1899
2025-02-06,85.2216,86.3371,120.7011,117.8046,98.1162,97.7741,151.457,151.1733
2025-02-07,85.7271,86.2071,120.8669,118.6108,98.0359,97.0509,152.4576,152.394
2025-02-10,85.7179,86.7764,119.8612,117.096,96.9937,96.1617,151.5827,152.3043
2025-02-11,86.0155,86.7586,121.3743,118.8231,97.9624,97.7211,154.554,154.0113
2025-02-12,84.0735,84.5907,119.2792,117.3396,95.3973,94.9911,150.6533,150.9875
2025-02-13,83.9312,84.5274,118.7315,116.106,94.5851,94.0897,147.225,148.0934
2025-02-14,82.7796,83.6635,116.5481,113.5997,93.3004,92.8166,143.2863,144.1302
2025-02-17,82.243,82.9411,114.8381,112.1003,93.4245,92.6836,141.8132,142.0255
2025-02-18,81.7504,82.807,115.6092,112.9427,92.5848,92.487,141.8362,143.4103
2025-02-19,81.9597,82.4508,114.1613,111.3979,91.8846,91.4425,142.3387,143.1882
2025-02-20,81.8976,82.3304,114.4104,111.5497,91.4071,91.0418,141.7763,142.4197
2025-02-21,81.7054,82.9929,113.5955,111.308,91.7111,91.6154,140.204,141.1883
2025-02-24,82.4183,83.5396,114.145,111.8637,91.6339,91.3617,139.3384,140.3784
2025-02-25,81.9474,82.5575,112.112,109.1054,90.4354,90.1453,136.37,137.2856
2025-02-26,82.6756,83.5538,112.6036,109.8222,91.4652,90.7549,137.0828,138.5441
2025-02-27,83.1738,84.2962,115.076,112.1665,92.4355,92.3347,137.6335,138.8387
2025-02-28,83.5161,84.5059,114.7549,112.2427,92.7149,92.5604,138.7466,140.2751
2025-03-03,84.1948,85.124,116.1407,113.7571,93.1959,92.8672,138.2959,139.8119
2025-03-04,84.4076,85.5611,115.6364,113.7869,93.4079,92.9572,138.3769,140.3837
2025-03-05,85.923,86.6347,117.6847,114.6921,95.2633,95.1081,140.5642,141.8851
2025-03-06,86.0416,86.9217,117.4211,114.4565,94.8674,94.8531,141.4049,142.47
2025-03-07,85.4031,86.2971,117.19,114.5631,94.517,94.4111,141.0002,141.6974
2025-03-10,85.4614,86.232,115.7581,112.7823,94.4774,94.7589,141.1648,143.389
2025-03-11,84.773,85.5538,115.4742,112.6077,93.6437,93.6643,138.8942,140.6222
2025-03-12,84.5144,85.3545,114.0921,111.1708,92.8671,92.7133,137.6821,138.9683
2025-03-13,84.2295,85.0268,113.8894,110.1328,92.3849,92.4531,136.3288,138.6945
2025-03-14,84.7194,85.185,113.6566,110.8291,92.4419,92.3203,134.9406,137.2474
2025-03-17,84.6338,85.5603,113.0817,110.2127,92.6114,92.5089,135.7216,136.8484
2025-03-18,84.4148,84.9216,114.2567,111.7413,92.9499,93.1718,137.5912,138.9924
2025-03-19,84.0566,84.7513,113.4882,110.5982,92.5689,92.1594,136.116,137.8892
2025-03-20,85.4666,86.0825,115.2466,111.8872,94.2755,94.0127,137.2335,138.6043
2025-03-21,86.337,87.1201,116.7313,113.5633,95.0293,95.0887,137.579,139.3154
2025-03-24,86.1047,86.1793,116.0783,112.3639,95.0191,94.8043,135.7515,137.8997
2025-03-25,85.2035,86.069,115.4234,111.9836,94.6078,94.1607,134.7044,136.079
2025-03-26,85.1225,85.618,115.7286,112.9275,94.9526,94.1737,134.9047,137.0103
2025-03-27,84.9776,85.9754,116.9303,113.7204,94.7769,93.8975,135.1489,137.5074
2025-03-28,83.732,84.3351,115.6219,112.8881,93.5813,93.9366,133.2851,135.3537
2025-03-31,83.9427,84.6387,115.9434,112.179,93.6077,93.516,131.5817,133.5077
2025-04-01,84.1382,85.3362,116.1043,112.9481,94.1354,93.6882,131.2939,133.0856
2025-04-02,83.1942,83.8309,115.1405,111.9958,93.7568,93.5792,130.941,133.2672
2025-04-03,83.2476,84.2221,115.675,112.9701,93.6526,93.1331,130.0755,131.6124
2025-04-04,81.7254,82.3925,114.3829,111.5557,91.8806,91.5782,127.9751,130.1406
2025-04-07,83.3449,84.096,115.4004,112.6066,92.2814,91.8478,129.6125,131.7877
2025-04-08,83.8165,84.4856,116.3508,113.825,94.3065,93.6251,130.6714,133.4231
2025-04-09,83.5567,84.3825,115.8591,112.6885,93.7117,92.9176,131.1561,133.1799
2025-04-10,84.2663,84.6558,115.6469,113.1235,94.796,94.1298,129.8379,132.0398
2025-04-11,82.5428,82.8965,112.4511,109.2848,92.7466,92.8039,128.5168,130.2675
2025-04-14,81.9828,82.4137,111.9296,108.7242,92.0461,91.5348,127.5522,129.9398
2025-04-15,81.552,82.1507,111.7562,109.1663,91.9721,91.8592,127.4449,129.5935
2025-04-16,80.7813,81.3544,110.9349,107.6067,90.8394,90.9476,126.9912,128.8529
2025-04-17,81.6298,82.399,110.5244,107.9712,90.7441,90.5757,127.5889,129.5553
2025-04-18,82.8227,83.803,112.8519,110.1462,93.0309,92.7269,129.5072,132.0141
2025-04-21,81.9098,82.2977,111.5895,109.2078,92.3531,92.1231,128.9505,130.6291
2025-04-22,81.0946,81.5715,110.3271,107.6522,92.0442,91.5588,129.2172,130.8777
2025-04-23,81.5592,81.8263,110.6604,107.9909,93.0942,92.9689,129.3071,131.7702
2025-04-24,82.8076,83.9536,112.3165,109.7537,94.1985,94.3681,130.7122,132.8209
2025-04-25,81.4348,82.1842,109.9324,107.1061,93.4164,93.4024,130.2484,132.6407
2025-04-28,81.7535,82.5567,110.527,107.5876,93.3982,92.448,130.4105,132.3023
2025-04-29,82.6815,83.073,112.1651,109.5778,94.2971,93.917,132.8047,134.8621
2025-04-30,81.273,82.0004,110.6174,107.8742,92.6723,92.4401,132.0376,133.9919
2025-05-01,80.1268,80.9928,108.9337,106.2006,91.946,91.8107,129.8564,132.2086
2025-05-02,79.3842,80.0964,107.7175,105.1527,91.4086,90.612,129.413,131.7166
2025-05-05,79.0361,80.0757,107.3577,105.3222,90.9447,90.1014,128.7849,131.086
2025-05-06,79.3313,80.6748,108.5983,105.8204,91.4615,91.4818,128.611,130.3143
2025-05-07,79.5862,80.1056,108.7142,106.0061,92.4758,91.928,128.1617,129.7358
2025-05-08,78.1639,78.6779,106.102,103.0947,90.2366,89.5143,125.7103,127.9548
2025-05-09,78.3402,78.9058,106.4792,103.985,90.7102,90.0666,127.0947,129.5734
2025-05-12,77.968,79.1298,106.2334,103.952,90.3527,90.1727,127.1659,129.4776
2025-05-13,79.2481,80.2892,107.692,105.415,91.1035,90.5953,129.0548,130.8987
2025-05-14,78.7841,79.5875,107.4777,104.9221,90.4253,90.276,128.8735,131.0095
2025-05-15,78.1616,79.092,105.436,103.2486,90.3194,89.8127,128.4569,130.4944
2025-05-16,78.4087,79.1581,106.3782,104.0899,91.0979,90.4309,129.197,131.0836
2025-05-19,78.519,79.7221,106.479,104.3136,91.5146,91.7053,130.8444,132.8314
2025-05-20,78.7871,79.721,106.3384,104.2054,92.2052,92.1273,131.7477,133.7136
2025-05-21,77.6988,78.6375,104.6962,102.7774,91.6211,91.2411,129.0029,130.6057
2025-05-22,78.0386,79.1792,105.9204,103.3871,92.4818,92.0069,129.3811,131.1037
2025-05-23,77.2044,78.1473,104.4167,101.6011,91.0757,91.2506,127.7703,129.5248
2025-05-26,77.7717,78.6954,104.829,102.5598,91.5852,91.5043,129.114,130.3237
2025-05-27,76.7325,77.7106,103.9863,101.7228,90.5614,90.68,128.7736,130.5689
2025-05-28,76.3687,77.5813,104.9206,102.8668,90.4123,90.0836,127.6349,129.4956
2025-05-29,75.6296,77.0621,103.4721,101.3816,88.8651,88.7778,127.8734,130.0288
2025-05-30,75.0409,76.2316,101.7299,99.8518,87.1658,87.2438,125.9288,128.2476
2025-06-02,75.2638,76.5432,102.7812,100.4652,87.4186,87.2878,127.7374,130.0227
2025-06-03,75.6436,76.6761,102.3201,99.9433,87.6073,87.5849,128.5032,130.8505
2025-06-04,75.2718,76.2237,102.1446,99.3,86.6547,86.5104,129.1603,130.5541
2025-06-05,75.4693,76.8115,103.162,100.873,88.5694,88.6603,131.0236,132.0986
2025-06-06,74.6117,75.867,103.0433,100.4518,88.4109,87.9974,129.655,131.7741
2025-06-09,73.995,74.9352,102.0914,99.9009,88.8994,89.025,129.2682,131.565
2025-06-10,74.3824,75.6044,102.2613,100.0395,89.5896,89.6213,129.6966,132.1184
2025-06-11,73.8778,75.1547,102.1922,100.1052,88.3879,88.3584,128.1722,130.1182
2025-06-12,74.1316,75.3303,102.0983,99.868,89.0389,89.2029,129.2217,130.1645
2025-06-13,74.2107,75.8391,101.6284,99.7287,89.0233,88.8997,128.3758,130.306
2025-06-16,74.5502,75.9245,101.0274,98.1191,88.3101,88.1249,127.2351,129.2829
2025-06-17,75.3591,76.9912,101.9873,99.9279,88.9098,89.1718,128.0906,130.4123
2025-06-18,74.196,75.5692,101.2468,99.5317,88.0522,88.3171,126.5171,128.7709
2025-06-19,73.0339,74.3178,98.27,96.8311,85.8774,85.9059,123.6099,125.7387
2025-06-20,74.0056,75.1012,99.5749,97.8705,87.3052,87.3268,124.6446,126.2673
2025-06-23,75.9763,77.3102,102.749,101.2815,89.2348,89.3931,126.9639,128.5904
2025-06-24,75.7796,77.0581,103.0171,101.0503,89.6248,89.6482,124.7424,127.1181
2025-06-25,74.2449,75.2158,101.4606,99.4735,87.378,88.0328,121.9925,123.8991
2025-06-26,74.4659,75.6105,101.3871,99.5779,87.2067,87.5729,122.5153,125.1988
2025-06-27,73.9305,75.1474,100.8019,98.8205,87.8583,88.0192,121.3192,122.9004
2025-06-30,73.8362,75.2147,100.3799,98.1703,87.4337,87.3819,121.9876,124.449
2025-07-01,72.7913,74.1991,99.5059,97.4491,86.4915,86.8539,122.8636,125.0882
2025-07-02,73.1391,74.3047,99.6884,97.481,86.9342,86.9571,125.1056,127.1514
2025-07-03,73.8185,75.1846,100.47,98.7095,87.2145,87.2636,125.7155,127.4383
2025-07-04,72.8043,74.0049,99.8279,97.881,86.2616,86.6343,124.8194,125.9561
2025-07-07,73.5552,74.1488,100.0324,97.9328,85.853,86.135,124.8782,126.7233
2025-07-08,74.8459,76.0171,101.2571,99.0909,87.247,86.8128,126.3597,128.269
2025-07-09,75.0735,76.6039,100.9714,99.1206,87.8848,87.9766,126.9581,129.5879
2025-07-10,75.301,76.1429,101.0326,99.2519,87.3155,87.4318,126.8356,128.8401
2025-07-11,75.5824,76.8061,101.1592,98.7861,86.9516,87.0162,127.5385,130.0424
2025-07-14,75.5563,77.1649,102.524,100.0529,88.0385,88.1983,127.1779,129.1438
2025-07-15,74.1567,75.2342,100.9102,99.1656,86.8841,86.5238,125.3374,127.8831
2025-07-16,74.5283,75.7664,101.7161,99.164,86.2206,85.6476,125.9626,127.3358
2025-07-17,74.5017,75.4275,101.4838,99.4842,85.2834,85.2121,125.6897,128.7936
2025-07-18,75.3299,76.9733,103.2796,101.5539,86.7009,86.9307,127.7506,129.9261
2025-07-21,75.0039,76.2684,103.3794,101.6746,86.6658,85.954,127.3835,128.6651
2025-07-22,76.1109,77.4497,104.6766,102.8052,87.9731,87.8233,129.4552,131.5814
2025-07-23,75.1641,76.7658,104.6512,102.626,87.2871,86.8615,128.1649,130.2284
2025-07-24,75.2051,76.6622,105.1462,103.5988,87.8524,87.8483,128.4102,130.6435
2025-07-25,75.3126,76.392,105.7383,102.7055,87.6761,88.2799,129.0232,131.3856
2025-07-28,74.7374,75.8277,104.6414,102.2418,87.3006,87.3236,129.0106,131.176
2025-07-29,74.9539,76.3066,104.5309,102.582,87.4796,87.5305,129.8541,132.0102
2025-07-30,75.686,76.8033,105.4458,103.1189,88.6519,88.9777,130.6602,132.8103
2025-07-31,75.1486,75.9425,105.5871,103.7357,87.5643,87.7344,130.2771,133.1985
2025-08-01,73.7491,75.0168,103.2889,101.1344,85.7964,85.9294,127.6249,130.6706
2025-08-04,73.5836,74.5163,103.3125,101.1754,86.4484,86.828,127.1277,129.7302
2025-08-05,72.8044,74.4298,102.5187,100.2599,85.467,85.6584,125.5451,128.1348
2025-08-06,72.1688,73.4913,102.5312,100.1509,85.2952,85.4581,126.1794,128.2926
2025-08-07,71.8246,72.9291,103.4735,100.9701,83.9511,84.1093,126.4199,129.0168
2025-08-08,70.4989,71.6198,102.1314,99.8922,82.2689,82.4093,125.3621,127.8718
2025-08-11,69.1924,70.0577,101.2485,98.6762,80.8215,81.2284,124.2983,126.5795
2025-08-12,69.7378,70.7583,101.7416,99.647,81.5525,81.6238,125.1302,127.6406
2025-08-13,69.6768,71.1452,101.3322,99.1727,80.5307,81.0025,123.9797,126.4603
2025-08-14,67.7827,69.4902,98.8893,96.9218,78.825,78.7626,122.5393,124.429
2025-08-15,68.2193,69.6085,99.2278,96.6614,79.7468,80.2098,123.0344,125.7817
2025-08-18,68.2966,69.4869,99.2641,96.5589,79.9584,80.1531,122.2253,124.5541
2025-08-19,67.9925,69.0777,98.7248,96.5144,79.2734,79.1586,122.2805,125.1169
2025-08-20,67.2881,68.2597,97.6402,96.2432,78.387,78.6326,120.9207,123.2761
2025-08-21,67.3895,69.0229,98.7323,96.7907,78.4995,78.4982,122.9687,125.8654
2025-08-22,67.3682,68.5431,97.6622,95.3231,78.5482,78.7504,123.6532,126.1695
2025-08-25,68.5586,70.2812,100.7465,98.5459,80.8525,80.9111,126.2189,128.4705
2025-08-26,69.079,70.6339,100.905,98.8074,81.4396,81.5486,128.1322,129.9326
2025-08-27,68.9891,69.8893,102.5409,99.6605,81.7016,82.1212,127.3488,129.268
2025-08-28,68.9337,70.0403,101.4827,99.5446,82.1212,82.3995,126.7175,129.1751
2025-08-29,69.9744,71.0757,102.2703,99.835,83.1474,82.9724,127.1027,129.4741
2025-09-01,70.2244,71.4441,101.8508,99.5623,83.7706,83.5561,126.2391,128.4508
2025-09-02,71.1876,72.4585,103.083,100.802,84.5711,84.697,128.5458,131.2286
2025-09-03,70.7174,72.6384,101.9132,100.0526,84.7039,84.796,127.6337,130.0055
2025-09-04,70.4184,71.4497,100.8744,98.4801,85.0307,84.7967,127.985,130.6638
2025-09-05,69.776,71.1324,100.0001,97.3453,84.7282,85.0982,127.6768,129.6194
2025-09-08,69.815,71.2848,100.8175,98.7422,84.7982,85.056,128.8009,131.5454
2025-09-09,71.1075,72.4264,102.6626,99.7868,85.5953,85.5432,129.8361,132.4775
2025-09-10,70.8278,72.1376,102.8657,100.3938,85.3033,85.29,128.2908,131.2789
2025-09-11,70.4785,71.5376,101.958,100.0094,85.1147,85.2063,128.3764,131.1227
2025-09-12,70.5229,71.8205,102.2484,100.0869,84.7773,84.7977,128.8838,131.2802
2025-09-15,69.9844,71.3429,101.5948,99.6311,84.8873,85.2976,128.9151,131.2401
2025-09-16,70.681,71.9829,102.2978,100.2136,86.2235,86.4906,129.2873,132.3723
2025-09-17,69.0183,70.3595,100.0699,98.5617,84.6691,84.6836,126.1307,128.4538
2025-09-18,68.7589,70.2639,99.6833,97.33,83.922,84.0767,124.8019,127.5316
2025-09-19,68.7045,70.0899,99.6384,97.5246,83.2024,83.3719,123.4848,125.8421
2025-09-22,67.349,68.5071,97.9275,95.5635,81.6147,81.5273,121.2807,123.046
2025-09-23,66.5249,67.4263,96.5674,94.7161,80.8483,80.8111,120.2713,122.2377
2025-09-24,66.2326,67.215,96.198,94.0354,80.6522,80.6245,118.9126,121.453
2025-09-25,66.0886,67.1387,96.126,94.5183,80.7656,80.6884,118.4524,121.1695
2025-09-26,66.8372,67.9914,96.6949,94.4674,82.0588,81.7139,119.7406,122.4507
2025-09-29,66.9687,67.9806,96.0531,94.4616,81.5191,81.2432,121.2775,124.1507
2025-09-30,66.7604,67.6244,94.8336,93.092,80.8595,80.6502,120.6472,123.328
2025-10-01,66.5264,67.3642,95.4301,93.4319,80.5526,80.2958,121.756,123.908
2025-10-02,67.2833,68.0026,96.324,94.4682,81.3616,80.9036,122.4124,125.0253
2025-10-03,67.1134,68.0666,95.7143,93.8232,81.013,81.0506,119.8835,122.2955
2025-10-06,66.8972,67.5855,94.5381,92.7347,81.077,80.9876,119.0262,121.0323
2025-10-07,67.3413,68.1739,95.6548,93.577,82.2139,81.656,120.1677,122.4694
2025-10-08,67.3079,68.2694,95.9206,93.6357,82.1427,81.8377,120.5383,122.6301
2025-10-09,67.5967,68.3506,96.1919,93.9597,82.7245,82.4302,122.0096,123.8759
2025-10-10,67.5784,68.6545,95.8058,93.2454,82.6839,82.5318,119.7857,121.9692
2025-10-13,68.2161,69.3284,96.2315,94.41,82.737,82.2878,121.3755,124.1749
2025-10-14,67.6225,68.4606,95.3384,92.9564,82.4505,81.8494,120.6848,123.4284
2025-10-15,67.7624,68.6118,95.0063,92.9008,82.3621,82.2275,119.6878,122.0844
2025-10-16,67.531,68.5689,95.047,93.1616,82.4178,81.7279,120.0186,122.2749
2025-10-17,66.8371,67.6085,94.4525,92.5782,81.8285,81.3563,119.0873,120.8197
2025-10-20,66.5001,67.2153,92.9559,90.3943,80.0554,79.6139,117.6713,120.4338
2025-10-21,66.7737,67.9157,93.229,91.1285,80.2971,79.9696,119.1555,121.6619
2025-10-22,66.7223,67.7796,92.6217,90.7253,80.7564,80.4437,118.9966,121.3565
2025-10-23,65.7404,66.8106,91.6543,89.7219,80.3698,80.357,117.1338,118.497
2025-10-24,65.7841,66.9052,92.3571,90.7119,80.0858,79.2553,117.0329,119.2127
2025-10-27,66.7306,67.2577,93.9368,91.657,80.8022,80.6104,116.9775,119.1836
2025-10-28,65.5113,66.6825,92.2832,89.6666,79.7436,78.7108,114.7175,117.1261
2025-10-29,64.6346,65.5877,91.1218,89.2475,78.9331,78.8029,114.4297,116.42
2025-10-30,64.4085,65.4899,90.2951,88.0898,77.9052,77.0141,112.4933,114.6119
2025-10-31,65.5934,66.5453,91.2688,88.6708,79.7852,79.8532,113.5697,116.1798
2025-11-03,65.3063,66.2426,92.06,89.8314,80.6084,79.9233,113.8471,115.9906
2025-11-04,66.0384,66.9124,92.9419,91.0412,81.1896,80.9079,114.5455,116.777
2025-11-05,65.6031,66.6178,92.4396,89.7583,79.8217,79.5736,114.0707,116.5264
2025-11-06,65.0979,65.9522,91.556,89.9241,79.4771,78.8136,112.5282,115.4316
2025-11-07,65.2956,66.3885,91.8618,89.3357,80.0723,79.3753,113.7097,116.3708
2025-11-10,65.2578,65.8795,92.3207,89.9522,79.4588,78.7163,114.534,117.2252
2025-11-11,65.6597,66.4999,93.148,90.3847,80.0032,79.672,115.9825,118.2624
2025-11-12,65.582,66.9504,92.3899,90.0379,81.2456,80.4893,115.5306,118.3295
2025-11-13,65.7945,66.6148,92.8281,90.4171,81.3238,80.5248,116.7481,118.3686
2025-11-14,66.2648,67.1385,92.7394,89.9369,81.4799,80.9568,117.9816,120.9049
2025-11-17,66.2739,67.0475,93.1283,91.4994,81.6766,80.8268,119.7251,122.7051
2025-11-18,66.7413,67.7665,92.8913,90.4383,82.8344,82.0258,120.7388,123.1676
2025-11-19,65.8784,66.6643,91.7311,89.2908,81.86,81.141,118.346,120.9187
2025-11-20,64.6216,65.5245,90.1939,88.1885,81.0606,80.1425,115.5704,117.9625
2025-11-21,65.0015,66.1413,91.6698,89.7765,82.2313,81.2512,115.4768,117.9145
2025-11-24,65.8721,66.7174,93.0345,90.8968,83.8362,83.2994,116.8898,119.2051
2025-11-25,64.7714,65.9378,92.5143,89.7484,82.9683,82.0798,116.2835,118.6754
2025-11-26,63.9419,65.07,91.3722,89.0063,81.8868,80.9523,115.4591,118.0337
2025-11-27,63.7229,64.9273,91.744,88.8031,82.1941,81.2237,115.2514,117.788
2025-11-28,64.2196,65.2575,92.3995,90.1733,83.5391,82.6163,116.0925,119.2834
2025-12-01,65.2173,66.8792,93.8494,90.9152,85.1548,83.8123,117.846,120.392
2025-12-02,66.0474,67.2363,94.1983,91.4539,85.4375,84.4757,117.7634,119.8117
2025-12-03,65.5687,66.6212,93.19,90.7419,85.0682,84.072,118.1265,121.2254
2025-12-04,64.9928,65.8092,93.1392,90.8214,83.8324,82.3176,117.2071,119.2202
2025-12-05,64.6886,65.6537,93.0346,90.5156,83.1488,82.5694,117.2825,119.5463
2025-12-08,64.7629,66.0097,92.8532,90.8741,83.2553,82.5309,117.3331,119.9829
2025-12-09,64.2348,65.5549,91.699,89.5379,82.3101,81.0372,117.1216,119.7773
2025-12-10,65.0853,66.4014,93.7385,91.4848,83.8372,82.5048,119.763,121.6684
2025-12-11,66.1631,67.3722,96.1367,93.2511,85.4545,84.367,121.0606,123.3645
2025-12-12,66.493,67.3024,97.5953,95.3926,86.7194,85.1163,123.0657,125.0477
2025-12-15,65.7472,66.9269,96.7017,93.7987,86.4635,85.5015,121.7364,124.5439
2025-12-16,66.039,66.8759,97.2177,95.0659,87.9142,86.4037,122.0802,125.1526
2025-12-17,66.7878,67.5471,97.7059,95.6463,88.6699,87.6779,122.8916,125.1018
2025-12-18,67.3073,68.4419,98.5146,95.9463,89.0665,87.3896,123.4832,126.644
2025-12-19,68.6266,69.8045,99.9906,97.466,90.4469,88.9265,125.3025,128.3624
2025-12-22,68.8166,70.0759,100.1884,96.4513,90.5675,89.3936,125.4897,128.0308
2025-12-23,69.4659,70.6102,101.0451,98.1681,91.5862,89.9511,127.4379,129.5045
2025-12-24,70.5094,71.5962,101.4035,98.8661,90.7907,89.5331,128.2581,130.6908
2025-12-25,71.1662,71.883,102.7396,100.1173,90.7596,89.7535,128.1072,130.6945
2025-12-26,69.7662,70.7246,101.4438,98.1664,89.4539,88.0147,125.7142,129.1077
2025-12-29,69.9127,70.5978,102.0183,98.9777,89.2261,87.6178,125.2217,128.0542
2025-12-30,69.6457,70.1843,100.0014,96.5215,88.6227,86.9427,123.264,125.7532
2025-12-31,68.6621,69.8038,98.8367,96.2149,88.4786,87.3134,122.4935,125.3626
2026-01-01,69.6494,70.5216,101.2963,97.9017,90.492,89.1889,125.6698,127.8437
2026-01-02,71.0789,72.2491,103.5066,100.9268,91.6113,90.4704,126.4653,129.5342
2026-01-05,71.7238,72.9639,104.2454,101.7469,92.6321,91.1896,127.6315,130.2134
2026-01-06,72.1588,73.0117,104.3001,101.2713,92.0862,90.4139,128.8683,131.5662
2026-01-07,73.1864,74.3423,105.1066,102.4291,94.068,92.0761,130.8054,134.0739
2026-01-08,73.1514,74.0209,106.1293,103.17,93.9283,93.4349,131.588,135.3437
2026-01-09,73.0075,73.6206,105.9456,103.1425,93.2424,92.1365,131.7896,135.644
2026-01-12,72.4012,73.3781,104.742,101.6223,92.5089,91.2698,129.9551,132.5201
2026-01-13,72.611,73.4595,105.0839,102.4581,92.987,91.7818,129.7827,132.5838
2026-01-14,72.7036,73.5714,103.877,100.712,93.5116,91.8126,127.6814,131.1345
2026-01-15,72.0209,73.3827,102.3195,99.1768,92.41,90.9289,125.3175,128.9834
2026-01-16,71.5333,72.1772,102.5769,99.8728,92.0417,91.3054,125.9773,128.4732
2026-01-19,71.4253,72.5074,103.1011,100.3173,93.0025,91.8053,127.1988,130.5478
2026-01-20,72.478,73.3062,103.9686,101.3564,94.2192,92.6707,130.7618,133.8309
2026-01-21,73.4041,74.6565,104.8679,101.9473,95.6983,93.9405,132.0102,134.6656
2026-01-22,73.3602,74.5057,105.5217,103.338,95.6333,94.0581,130.5053,133.3969
2026-01-23,73.8384,75.0002,105.1529,102.5302,96.3322,94.7663,130.2026,133.4583
2026-01-26,73.7799,74.6618,105.1644,102.5629,95.3472,94.5734,131.515,134.901
2026-01-27,73.9371,74.8515,104.8865,102.278,94.8194,93.427,132.8174,136.6496
2026-01-28,73.2552,74.5185,104.7948,102.3925,93.6307,91.9771,132.9892,136.3477
2026-01-29,73.4621,74.9106,104.573,102.0314,94.0608,92.656,132.5164,136.0532
2026-01-30,72.7443,73.8926,103.6,101.0662,94.2771,92.9708,130.9129,134.0331
2026-02-02,71.935,72.7692,102.4542,100.0291,93.1631,91.4372,128.9407,131.8826
2026-02-03,72.0568,73.1637,102.5867,99.4842,94.0565,92.7592,129.9324,133.1091
2026-02-04,72.3219,73.8878,102.7653,99.6518,94.9617,93.8398,131.6473,135.1032
2026-02-05,70.6807,71.7608,101.0372,98.4803,93.6529,92.2142,129.7559,133.3562
2026-02-06,70.5853,71.962,101.1578,98.5509,93.8218,92.0914,129.1046,132.2437
2026-02-09,71.3242,72.2477,102.1598,99.8344,94.7008,92.9765,130.2504,133.1406
2026-02-10,72.584,73.6458,103.3833,100.8228,95.4319,93.3833,132.2227,135.7309
2026-02-11,72.6022,73.8485,104.0189,101.653,96.9016,95.117,133.8651,137.4689
2026-02-12,72.8488,74.0283,104.2214,101.2765,97.8441,96.0836,133.5644,137.4618
2026-02-13,71.9884,72.9205,104.3474,101.7525,96.8386,94.7807,131.7564,134.9099
2026-02-16,71.4134,72.3374,102.7301,99.8391,95.4606,94.2429,131.8819,134.9932
2026-02-17,71.6703,72.9916,103.2583,100.8748,95.0698,93.6379,131.0808,134.8378
2026-02-18,71.464,72.8621,103.7818,100.6834,95.7594,93.58,132.6014,135.9273
2026-02-19,72.5457,74.0191,104.9499,102.5386,97.3214,95.0729,132.6664,136.0885
2026-02-20,73.5665,75.1492,105.3009,102.3201,97.7617,95.727,134.0004,138.1807
2026-02-23,73.2446,74.4572,105.8903,103.1952,96.53,95.3093,134.7982,137.8207
2026-02-24,72.4737,73.5838,104.4891,102.1801,94.9415,93.5424,133.2982,137.6651
2026-02-25,72.6326,74.0943,104.7721,102.1937,95.0679,93.8326,132.5295,135.885
2026-02-26,72.5541,73.8527,104.8663,101.6362,95.3783,93.6949,133.4868,137.4852
2026-02-27,72.0613,73.0361,104.2251,101.3736,95.0561,93.4096,133.5601,137.0889
2026-03-02,71.3408,72.2984,104.4318,101.1848,94.2807,92.3991,132.8168,136.5398
2026-03-03,71.5683,72.8559,105.3708,101.966,95.3706,93.7872,132.8587,136.4398
2026-03-04,71.1794,72.331,105.0489,102.1674,94.9302,93.1384,132.4751,136.5334
2026-03-05,70.3064,71.52,104.4731,101.7337,94.7808,92.9435,130.7016,134.352
2026-03-06,70.4477,71.8907,104.6465,101.9122,95.1674,93.8533,133.1407,136.5374
2026-03-09,70.0868,71.4878,104.3337,101.6828,95.3149,93.4465,132.4574,136.6818
2026-03-10,70.2844,71.8129,104.0625,101.319,95.8272,94.36,132.3455,135.9651
2026-03-11,70.4891,71.3243,104.6436,101.8287,95.5557,93.345,132.2196,135.6466
2026-03-12,69.7501,71.0711,103.0096,100.0012,94.7944,93.801,131.8749,134.8672
2026-03-13,69.5845,70.988,103.333,100.5056,94.7988,92.8578,129.5606,134.0558
2026-03-16,70.1128,71.0936,104.6093,101.4486,96.5953,94.9223,131.9091,135.5936
2026-03-17,69.4868,70.6142,103.198,100.2891,95.5483,93.9212,130.5086,135.3271
2026-03-18,68.6176,69.6229,101.6588,99.0302,93.5612,91.6513,126.3469,130.5586
2026-03-19,67.6445,68.7742,99.9922,97.2984,91.8625,90.3589,123.5196,127.538
2026-03-20,67.6769,69.1742,100.0327,98.3032,91.5089,90.073,124.0473,127.9895
2026-03-23,67.714,69.3024,99.9913,97.0075,91.5862,89.7042,123.3982,127.9989
2026-03-24,67.7602,68.7159,100.0997,97.4748,91.413,89.5502,123.8139,126.7196
2026-03-25,68.4195,69.6445,100.7936,97.8041,91.6996,90.1328,126.7906,130.6525
2026-03-26,66.8115,67.9953,98.2617,95.6496,88.6897,87.2452,123.5821,127.2495
2026-03-27,67.0612,68.2398,98.645,96.0644,87.9753,87.0343,122.9401,126.7499
2026-03-30,67.8803,69.0652,100.444,98.1232,87.7958,86.8086,123.9624,128.0056
2026-03-31,67.1605,68.345,99.3749,96.7094,86.6111,85.5143,122.1743,125.9921
2026-04-01,66.6598,68.1513,99.6911,97.044,87.377,86.3792,121.1601,125.0959
2026-04-02,66.2822,67.6711,98.9076,96.2749,87.8062,86.0798,120.2781,124.0996
2026-04-03,66.1154,67.0241,98.5636,95.5952,86.8524,85.5222,119.4068,122.6461
2026-04-06,65.6225,66.9318,98.0731,95.3207,86.6613,85.5473,120.401,124.2749
2026-04-07,66.42,67.7743,98.7284,96.0641,86.827,86.0101,122.2534,126.2487
2026-04-08,67.4725,68.733,100.6782,98.1045,87.8513,86.844,123.5996,127.1727
2026-04-09,67.2254,68.6297,100.2751,97.8958,87.1118,86.4852,124.3093,128.6675
2026-04-10,68.4099,69.648,102.2027,99.4701,88.6195,87.8646,127.3815,131.5883
2026-04-13,68.7403,69.9437,102.4285,99.6745,88.9501,87.8486,127.7937,131.8132
2026-04-14,69.8153,71.0205,103.6841,100.5269,90.3454,89.3228,129.627,133.715
2026-04-15,69.3605,70.1347,104.3316,101.7474,90.0468,89.1058,129.9149,133.614
2026-04-16,69.8116,70.9703,105.0846,102.0235,89.8249,88.7786,130.4547,134.6258
2026-04-17,69.8735,70.8993,105.8902,103.2603,90.2518,89.7264,128.6811,133.091
2026-04-20,72.0428,73.0101,108.9871,106.3237,92.3929,91.1431,132.3757,136.5927
2026-04-21,72.6051,74.1804,109.7658,106.5681,92.267,91.4422,134.2512,137.9983
2026-04-22,72.1001,73.4683,110.1158,106.591,90.7488,90.118,134.5166,138.3737
2026-04-23,73.3124,74.5483,111.3169,108.119,91.7959,90.8331,134.7278,138.9486
2026-04-24,72.761,73.873,110.7605,107.7503,91.1271,90.1476,134.2082,138.5446
2026-04-27,72.037,73.3375,110.7605,107.5476,90.0023,89.1819,133.5906,137.4782
2026-04-28,72.6999,74.1642,112.434,109.0166,90.657,90.1154,135.043,138.7872
2026-04-29,72.4891,73.542,112.2685,109.2777,90.0218,89.257,135.5524,140.3941
2026-04-30,72.9262,74.1727,113.1044,110.0269,90.878,89.9112,136.4259,140.1872
2026-05-01,73.0014,74.4664,113.7701,110.3192,90.6996,90.3887,136.1954,140.0977
2026-05-04,73.6594,74.4626,113.6658,109.7631,91.3162,90.751,136.8579,140.5984
2026-05-05,74.3165,75.5264,114.1959,111.0344,92.2288,91.795,138.0098,141.7164
2026-05-06,72.7974,73.9238,111.7834,108.3761,90.2599,89.8167,135.4105,139.937
2026-05-07,73.3385,74.5203,111.7484,108.7433,90.8465,90.7453,136.2378,140.9759
2026-05-08,72.3019,73.4366,110.5226,107.5333,90.1235,89.7386,134.7535,138.9403
2026-05-11,71.1164,72.3944,109.3838,105.73,88.8984,88.0846,132.662,137.1614
2026-05-12,70.9107,72.5794,109.1175,106.158,88.9607,88.5181,131.33,135.679
2026-05-13,70.5453,71.7453,109.0216,106.2096,88.8447,88.1526,131.1721,134.8969
2026-05-14,69.841,71.2187,108.3976,105.683,88.3084,87.6058,130.905,135.8598
2026-05-15,70.37,72.1623,108.9155,106.0439,88.6995,87.7643,131.7465,136.4364
2026-05-18,69.231,70.4916,107.9697,104.447,87.8278,87.1236,129.8624,134.1015
2026-05-19,69.1302,70.8551,108.1278,105.5431,87.8762,87.3661,129.902,133.6025
2026-05-20,68.5925,69.9758,107.2446,104.4635,87.9276,87.2244,130.2348,134.08
2026-05-21,69.0662,70.8003,107.5432,104.2499,88.0091,86.9966,129.9472,133.6702
2026-05-22,69.2638,70.7988,107.9695,104.844,88.4926,87.3547,129.3596,133.4521
2026-05-25,68.8777,70.2969,106.1384,103.4503,88.1685,87.961,128.3941,132.5422
2026-05-26,69.0092,70.407,107.0119,104.3828,89.7743,89.0094,130.7957,134.6701
2026-05-27,69.4908,70.7542,108.3254,105.1846,90.0983,88.966,129.753,133.226
2026-05-28,68.5301,69.8885,106.8166,104.158,88.6465,87.8769,128.1795,132.9273
2026-05-29,67.4613,68.9337,105.2323,101.7903,87.5172,87.1783,126.9441,130.7961
2026-06-01,67.4199,68.7162,105.659,102.4004,87.3236,86.6431,125.307,129.4181
2026-06-02,67.4173,68.6388,106.148,102.5572,86.6186,85.0926,125.6707,129.4803
2026-06-03,66.8956,68.1775,106.6288,103.3255,86.6191,86.4953,125.8777,129.3087
2026-06-04,67.2536,68.7516,105.7295,103.3377,86.7001,85.43,125.8521,129.8319
2026-06-05,67.7462,69.2889,106.1675,103.9053,86.4124,85.5961,125.1968,129.022
2026-06-08,68.3313,69.5265,108.288,105.28,87.3846,86.3501,125.8222,130.1437
2026-06-09,67.3161,68.5281,107.4052,104.1385,86.9258,86.0133,124.2843,128.6993
2026-06-10,66.334,67.7664,105.871,102.7774,85.3482,84.7983,123.1622,127.5088
2026-06-11,65.6315,67.2914,105.0239,102.1549,84.6297,83.5183,121.5881,125.9788
2026-06-12,66.0784,67.6765,104.9183,101.4817,83.6992,83.2765,121.8388,126.4504
2026-06-15,66.8155,67.9455,106.513,103.3237,84.3943,84.2684,123.6678,127.7922
2026-06-16,66.2227,67.5625,105.8796,103.3303,84.9169,84.3082,122.2345,126.719
2026-06-17,64.9985,66.1541,103.3821,100.1556,83.2388,82.5213,118.085,122.2599
2026-06-18,63.9636,65.2234,101.3634,98.293,82.128,81.7571,117.7728,120.9185
2026-06-19,63.0171,64.678,100.3002,97.5604,82.0958,81.626,116.6243,120.4848
2026-06-22,62.58,63.6708,100.1923,97.5868,81.1168,80.6639,115.8172,119.3581
2026-06-23,62.4089,63.4755,100.1043,97.2302,81.0598,80.4998,115.3748,119.4158
2026-06-24,62.342,63.5629,99.7372,97.1373,81.4514,81.2438,115.2036,118.9
2026-06-25,62.0203,63.4579,98.8827,96.4653,81.8776,81.6268,114.4223,118.5843
2026-06-26,62.6888,64.2245,99.3628,97.3607,82.0285,81.3245,115.9867,120.3046
2026-06-29,62.3277,63.8075,98.1739,95.6097,81.5103,80.849,114.6688,119.055
2026-06-30,61.8528,63.4307,97.4444,94.8813,80.5251,80.1257,113.0574,117.6577
2026-07-01,62.0818,63.0868,98.0657,95.9455,80.513,79.883,111.9415,115.5
2026-07-02,61.053,62.6245,96.6963,94.077,79.8351,79.5495,111.4508,115.1365
