fold,pair,pair_status,pair_passes_all,policy,validation_f1,pnl,sharpe,max_drawdown,trades,win_rate,baseline_pnl,baseline_sharpe,pnl_minus_baseline,profitable,passed_and_profitable,strict_gate_pnl,strict_gate_sharpe,strict_gate_trade,test_auc,test_f1,selected_threshold,policy_detail
1,CVX-XOM,passed_all,True,random_forest,0.4166666666666667,0.047781080810898394,0.734049353852884,-0.07925910739288136,4,0.75,-0.1802086534666495,-1.4135104376895895,0.22798973427754787,True,True,0.047781080810898394,0.734049353852884,True,0.6938775510204082,0.4666666666666667,0.5,
1,CVX-XOM,passed_all,True,deep_mlp,0.3950617283950617,0.01030683572967939,0.1368166481856058,-0.05859577711256682,5,0.6,-0.1802086534666495,-1.4135104376895895,0.19051548919632888,True,True,0.01030683572967939,0.1368166481856058,True,0.6842737094837935,0.27586206896551724,0.5,
2,CVX-XOM,passed_all,True,random_forest,0.45,0.10072395907143523,0.9013905839658117,-0.05502740241398918,12,0.5833333333333334,0.10072395907143523,0.9013905839658117,0.0,True,True,0.10072395907143523,0.9013905839658117,True,0.24890350877192985,0.3023255813953488,0.3,
2,CVX-XOM,passed_all,True,deep_mlp,0.32432432432432434,0.10072395907143523,0.9013905839658117,-0.05502740241398918,12,0.5833333333333334,0.10072395907143523,0.9013905839658117,0.0,True,True,0.10072395907143523,0.9013905839658117,True,0.12171052631578949,0.14285714285714285,0.3,
2,CVX-XOM,passed_all,True,gru,0.5714285714285714,0.10072395907143523,0.9013905839658117,-0.05502740241398918,12,0.5833333333333334,0.10072395907143523,0.9013905839658117,0.0,True,True,0.10072395907143523,0.9013905839658117,True,0.12828947368421056,0.3595505617977528,0.4,
2,CVX-XOM,passed_all,True,lstm,0.4473684210526316,0.10072395907143523,0.9013905839658117,-0.05502740241398918,12,0.5833333333333334,0.10072395907143523,0.9013905839658117,0.0,True,True,0.10072395907143523,0.9013905839658117,True,0.21820175438596495,0.3023255813953488,0.5,
2,CVX-XOM,passed_all,True,tcn,0.6428571428571429,0.06183542814903456,0.8165441042579327,-0.05502740241398918,8,0.75,0.10072395907143523,0.9013905839658117,-0.038888530922400674,True,True,0.06183542814903456,0.8165441042579327,True,0.49780701754385964,0.3448275862068966,0.3,
2,CVX-XOM,passed_all,True,regime_mixture_of_experts,0.7741935483870968,0.16382189478293013,1.5899114375321348,-0.05502740241398918,9,0.8888888888888888,0.10072395907143523,0.9013905839658117,0.0630979357114949,True,True,0.16382189478293013,1.5899114375321348,True,,,,"{""experts_by_regime"": {""slow_mean_reversion"": ""tcn"", ""stable"": ""random_forest"", ""stress_or_breakdown"": ""tcn""}, ""global_fallback_expert"": ""tcn"", ""training_defined_regime_thresholds"": {""corr_low"": 0.7953258589567719, ""half_life_high"": 17.850207274883207, ""persistence_high"": 7.75, ""stress_high"": 0.5009920634920635}, ""validation_detail"": {""slow_mean_reversion"": {""chosen_expert"": ""tcn"", ""n"": 14, ""validation_f1"": 0.6666666666666666, ""validation_precision"": 1.0}, ""stable"": {""chosen_expert"": ""random_forest"", ""n"": 5, ""validation_f1"": 1.0, ""validation_precision"": 1.0}, ""stress_or_breakdown"": {""chosen_expert"": ""tcn"", ""n"": 48, ""validation_f1"": 0.7, ""validation_precision"": 0.875}}}"
2,CVX-XOM,passed_all,True,uncertainty_consensus,0.5660377358490566,0.10072395907143523,0.9013905839658117,-0.05502740241398918,12,0.5833333333333334,0.10072395907143523,0.9013905839658117,0.0,True,True,0.10072395907143523,0.9013905839658117,True,,,,"{""candidate_vote_counts"": [3, 4, 5], ""expert_names"": [""random_forest"", ""deep_mlp"", ""gru"", ""lstm"", ""tcn""], ""n_experts"": 5, ""selected_min_votes"": 3, ""validation_f1"": 0.5660377358490566, ""validation_precision"": 0.42857142857142855}"
