Date,accept_signal,signal_direction,realized_holding_days,realized_gross_return,realized_net_return,label_exit_reason
2018-06-28,1,1.0,4,0.021370132314642465,0.020170132314642465,convergence
2018-06-29,1,1.0,3,0.013673606016860518,0.012473606016860518,convergence
2018-07-30,0,-1.0,10,0.001471201863799454,0.00027120186379945405,horizon
2018-07-31,0,-1.0,10,0.004219562965164236,0.0030195629651642367,horizon
2018-08-01,0,-1.0,10,0.005708496372260452,0.004508496372260452,horizon
2018-08-02,0,-1.0,10,-0.003583298455282158,-0.0047832984552821575,horizon
2018-08-08,0,-1.0,10,-0.0030508498213879243,-0.004250849821387924,horizon
2018-09-04,1,1.0,6,0.008785086904945505,0.007585086904945505,convergence
2018-09-25,0,-1.0,5,-0.03883010125037378,-0.04003010125037378,stop_loss
2018-09-27,0,-1.0,3,-0.025799263605207123,-0.026999263605207123,stop_loss
2018-09-28,0,-1.0,2,-0.026653446328547048,-0.027853446328547048,stop_loss
2018-10-01,0,-1.0,1,-0.01886116013987804,-0.02006116013987804,stop_loss
2018-10-02,0,-1.0,10,0.013473503126490538,0.012273503126490538,horizon
2018-10-03,0,-1.0,10,0.005393819107436304,0.004193819107436304,horizon
2018-10-04,0,-1.0,10,0.013947690554138692,0.012747690554138692,horizon
2018-10-05,0,-1.0,10,0.015026538040474602,0.013826538040474602,horizon
2018-10-08,0,-1.0,10,0.018895730506940378,0.01769573050694038,horizon
2018-10-09,0,-1.0,10,0.013668594956840696,0.012468594956840696,horizon
2018-10-10,1,-1.0,10,0.013351464047258954,0.012151464047258954,convergence
2018-11-01,0,-1.0,10,-0.008274116817543309,-0.009474116817543309,horizon
2018-11-02,0,-1.0,10,2.8501176737361078e-05,-0.0011714988232626388,horizon
2018-11-05,0,-1.0,10,-0.008707264391145664,-0.009907264391145663,horizon
2018-11-06,0,-1.0,10,-0.000652208110778485,-0.0018522081107784848,horizon
2018-11-07,0,-1.0,10,0.011027072883011524,0.009827072883011524,horizon
2018-11-08,0,-1.0,10,0.00233362513066826,0.00113362513066826,horizon
2018-11-13,1,-1.0,8,0.012287818771659076,0.011087818771659076,convergence
2018-12-14,0,1.0,7,-0.01410977479834763,-0.01530977479834763,convergence
2018-12-17,0,-1.0,6,0.00015925182921661118,-0.0010407481707833887,convergence
2018-12-20,0,-1.0,3,0.0005380318295160613,-0.0006619681704839386,convergence
2019-01-14,1,-1.0,2,0.011577444829313777,0.010377444829313777,convergence
2019-01-15,1,-1.0,1,0.00952983427365961,0.00832983427365961,convergence
2019-01-24,1,-1.0,1,0.005763481879557553,0.004563481879557553,convergence
2019-02-04,0,-1.0,8,0.07408860449380539,0.07288860449380538,stop_loss
2019-02-05,0,-1.0,7,0.07548036848704687,0.07428036848704686,stop_loss
2019-02-06,0,-1.0,6,0.07454181617625277,0.07334181617625277,stop_loss
2019-02-07,0,-1.0,5,0.0775344969025955,0.0763344969025955,stop_loss
2019-02-08,0,-1.0,4,0.07958946745494,0.07838946745493999,stop_loss
2019-02-11,0,-1.0,3,0.08212226343031626,0.08092226343031625,stop_loss
2019-02-12,0,-1.0,2,0.07801673576802459,0.07681673576802459,stop_loss
2019-02-13,0,-1.0,1,0.07858342223487824,0.07738342223487824,stop_loss
2019-02-14,0,-1.0,1,0.02825132969327626,0.027051329693276262,stop_loss
2019-02-15,0,1.0,1,-0.009226070001957964,-0.010426070001957964,stop_loss
2019-02-19,0,1.0,10,0.01071099191007363,0.009510991910073631,horizon
2019-02-20,0,1.0,10,-0.003026523131193226,-0.004226523131193226,horizon
2019-02-21,0,1.0,10,-0.018436872322463493,-0.019636872322463493,horizon
2019-02-22,0,1.0,10,-0.0061493933568606,-0.007349393356860599,horizon
2019-02-25,0,1.0,10,0.018288185857961103,0.017088185857961104,horizon
2019-02-26,0,1.0,10,0.020620530999529763,0.019420530999529763,horizon
2019-02-27,0,1.0,10,0.014999060986652601,0.013799060986652602,horizon
2019-02-28,0,1.0,10,0.0174572223331233,0.0162572223331233,horizon
2019-04-18,1,1.0,3,0.011421812733334757,0.010221812733334758,convergence
2019-04-22,1,1.0,2,0.009482883940155062,0.008282883940155063,convergence
2019-04-29,1,-1.0,7,0.00809322248787403,0.00689322248787403,convergence
2019-04-30,1,-1.0,6,0.013675846263093039,0.01247584626309304,convergence
2019-05-01,1,-1.0,5,0.008535934281390656,0.007335934281390656,convergence
2019-05-02,1,-1.0,4,0.006692898962514349,0.005492898962514349,convergence
2019-05-06,1,-1.0,2,0.005896272797736746,0.004696272797736746,convergence
2019-05-17,0,-1.0,7,-0.0007262100394722637,-0.0019262100394722636,convergence
2019-05-23,1,-1.0,3,0.015329996337195784,0.014129996337195784,convergence
2019-05-24,1,-1.0,2,0.013065076762659,0.011865076762659,convergence
2019-05-28,1,-1.0,1,0.013014527622381866,0.011814527622381867,convergence
2019-06-04,0,-1.0,10,0.0008524221634629292,-0.0003475778365370707,horizon
2019-06-05,0,-1.0,10,-0.0014800732843101017,-0.0026800732843101013,horizon
2019-06-06,0,-1.0,10,-0.0012395909622138213,-0.002439590962213821,horizon
2019-06-07,0,-1.0,10,-0.006350313666834584,-0.0075503136668345835,horizon
2019-06-10,0,-1.0,10,-0.015326630622318316,-0.016526630622318315,horizon
2019-06-13,0,-1.0,10,-0.005700621372374037,-0.006900621372374037,horizon
2019-06-17,0,-1.0,10,-0.0177248246085413,-0.0189248246085413,horizon
2019-06-25,0,-1.0,10,0.0020042683148449036,0.0008042683148449037,horizon
2019-07-02,0,-1.0,10,-0.0019745041579808387,-0.0031745041579808383,horizon
2019-07-03,0,-1.0,10,-0.0045368051909240315,-0.005736805190924031,horizon
2019-07-08,0,-1.0,10,0.002848785252894004,0.001648785252894004,horizon
2019-07-09,0,-1.0,10,-0.05713546976274397,-0.05833546976274397,stop_loss
2019-07-15,0,-1.0,6,-0.05953822788223828,-0.06073822788223828,stop_loss
2019-07-18,0,-1.0,3,-0.054733541787880036,-0.055933541787880035,stop_loss
2019-07-24,0,-1.0,10,0.0033514536479928303,0.0021514536479928306,horizon
2019-07-25,0,-1.0,10,-0.008989071370578916,-0.010189071370578916,horizon
2019-07-26,0,-1.0,10,-0.0003158328847612246,-0.0015158328847612245,horizon
2019-07-29,0,-1.0,10,-0.0025611847450943692,-0.003761184745094369,horizon
2019-07-30,0,-1.0,10,0.0011176241318295865,-8.237586817041336e-05,horizon
2019-07-31,0,-1.0,10,0.00039199883744300834,-0.0008080011625569916,horizon
2019-09-09,0,1.0,10,0.005283838426785703,0.004083838426785703,horizon
2019-09-10,0,1.0,10,0.008051267631016046,0.006851267631016046,horizon
2019-09-11,0,1.0,10,0.002884163440307397,0.001684163440307397,horizon
2019-09-12,0,1.0,10,0.002264746109313709,0.001064746109313709,horizon
2019-09-16,0,1.0,10,-0.0026846853554665095,-0.0038846853554665092,horizon
2019-10-03,0,1.0,10,0.0040600322758366225,0.002860032275836623,horizon
2019-10-04,0,1.0,10,0.02499741566325797,0.02379741566325797,horizon
2019-10-07,0,1.0,10,0.018097333079589717,0.016897333079589717,horizon
2019-10-08,0,1.0,10,0.008020406958938686,0.0068204069589386865,horizon
2019-10-09,0,1.0,10,0.016989666071838716,0.015789666071838716,horizon
2019-10-10,0,1.0,10,0.017548958776182566,0.016348958776182566,horizon
2019-10-11,0,1.0,10,0.013562367671228426,0.012362367671228426,horizon
2019-10-14,0,1.0,10,0.009593762343641732,0.008393762343641732,horizon
2019-10-15,0,1.0,10,-0.0005730637249219406,-0.0017730637249219405,horizon
2019-12-03,0,-1.0,10,-0.002828459771744729,-0.004028459771744729,horizon
2019-12-04,0,-1.0,10,0.005077222681199256,0.0038772226811992563,horizon
2019-12-05,0,-1.0,10,-0.0017223502034746652,-0.002922350203474665,horizon
2019-12-18,0,-1.0,10,-0.016134991489541672,-0.017334991489541672,horizon
2019-12-23,0,-1.0,10,-0.0019243832017630247,-0.0031243832017630244,horizon
2019-12-24,0,-1.0,10,-0.022378694244824526,-0.023578694244824526,horizon
2019-12-27,0,-1.0,10,-0.019204107471957776,-0.020404107471957776,horizon
2019-12-30,0,-1.0,10,-0.012914687845318795,-0.014114687845318795,horizon
2019-12-31,0,-1.0,10,-0.011130323835465195,-0.012330323835465194,horizon
2020-01-02,0,-1.0,10,-0.01328027250766528,-0.01448027250766528,horizon
2020-01-03,0,-1.0,10,-0.011565132989215243,-0.012765132989215243,horizon
2020-01-10,0,-1.0,10,0.004386174116964625,0.0031861741169646254,horizon
2020-01-13,1,-1.0,10,0.014401259110799813,0.013201259110799814,convergence
2020-01-14,1,-1.0,9,0.010427735845709218,0.009227735845709219,convergence
2020-01-15,1,-1.0,8,0.010813538404278678,0.009613538404278678,convergence
2020-01-16,1,-1.0,7,0.01084850348884192,0.009648503488841921,convergence
2020-01-17,1,-1.0,6,0.004652477068538552,0.0034524770685385522,convergence
2020-01-31,0,-1.0,10,-0.0018786755121418253,-0.003078675512141825,horizon
2020-02-03,0,-1.0,10,-0.0009226197596832186,-0.0021226197596832183,horizon
2020-02-04,0,-1.0,10,-0.004370844825440479,-0.005570844825440478,horizon
2020-02-05,0,-1.0,10,-0.010474572619928235,-0.011674572619928235,horizon
2020-02-07,0,-1.0,10,-0.004237186156256456,-0.005437186156256456,horizon
2020-02-11,1,-1.0,9,0.005632458510020921,0.0044324585100209216,convergence
2020-02-24,1,-1.0,1,0.0065785914950398094,0.00537859149503981,convergence
2020-02-28,1,1.0,2,0.028170761490766694,0.026970761490766694,convergence
2020-03-02,1,1.0,1,0.012853190242245738,0.011653190242245738,convergence
2020-03-09,0,1.0,4,-0.04399652752184746,-0.04519652752184746,stop_loss
2020-03-10,0,1.0,3,-0.05682391401341347,-0.05802391401341347,stop_loss
2020-03-11,0,1.0,2,-0.052953080463268076,-0.054153080463268076,stop_loss
2020-03-12,0,1.0,1,-0.03445015639284854,-0.03565015639284854,stop_loss
2020-03-13,0,1.0,2,-0.028471250655287328,-0.029671250655287328,stop_loss
2020-03-16,0,1.0,1,-0.04445760942581467,-0.04565760942581467,stop_loss
2020-03-17,0,1.0,2,-0.060432303802449905,-0.061632303802449905,stop_loss
2020-03-18,0,1.0,1,-0.04846366048475925,-0.04966366048475925,stop_loss
2020-03-19,0,1.0,10,0.011209939165539584,0.010009939165539584,horizon
2020-03-20,0,1.0,10,0.006692299989492501,0.005492299989492501,horizon
2020-03-23,0,1.0,10,0.06110789191595245,0.05990789191595245,horizon
2020-03-24,0,1.0,10,0.0681883249310351,0.0669883249310351,horizon
2020-03-25,0,1.0,10,0.02284009503333362,0.02164009503333362,horizon
2020-05-08,0,1.0,9,0.0008982074377703597,-0.0003017925622296402,convergence
2020-05-13,1,1.0,6,0.04238308981041783,0.04118308981041783,convergence
2020-05-14,1,1.0,5,0.048497300873706184,0.047297300873706184,convergence
2020-05-15,1,1.0,4,0.07370108638183126,0.07250108638183125,convergence
2020-05-18,1,1.0,3,0.032694252659530854,0.031494252659530854,convergence
2020-05-28,1,-1.0,10,0.0147459768662066,0.0135459768662066,convergence
2020-06-04,1,-1.0,5,0.03600437116360533,0.03480437116360533,convergence
2020-06-05,1,-1.0,4,0.05007365481004511,0.04887365481004511,convergence
2020-06-08,1,-1.0,3,0.06666555710551769,0.06546555710551769,convergence
2020-06-09,1,-1.0,2,0.045415612920159276,0.044215612920159277,convergence
2020-06-10,1,-1.0,1,0.03148963754596901,0.030289637545969007,convergence
2020-07-10,1,1.0,3,0.0313693197487388,0.0301693197487388,convergence
2020-07-23,1,-1.0,8,0.03549578454976965,0.03429578454976965,convergence
2020-07-27,1,-1.0,6,0.036593690584395766,0.035393690584395766,convergence
2020-08-31,0,-1.0,10,-0.05599774807686719,-0.05719774807686719,horizon
2020-09-03,0,-1.0,10,-0.04872011923986097,-0.04992011923986097,horizon
2020-09-04,0,-1.0,10,-0.008497202648607427,-0.009697202648607427,horizon
2020-09-08,0,-1.0,10,-0.023004887932060125,-0.024204887932060125,horizon
2020-09-09,0,-1.0,10,-3.9775925444462956e-05,-0.0012397759254444629,horizon
2020-09-10,0,-1.0,10,0.0013997444608198073,0.0001997444608198074,horizon
2020-09-11,1,-1.0,10,0.026986402461556036,0.025786402461556036,convergence
2020-09-14,1,-1.0,9,0.023707802388473365,0.022507802388473365,convergence
2020-09-15,1,-1.0,8,0.0358425496100212,0.0346425496100212,convergence
2020-09-16,1,-1.0,7,0.03408077261827325,0.03288077261827325,convergence
2020-09-17,1,-1.0,6,0.03872858853837613,0.03752858853837613,convergence
2020-09-18,1,-1.0,5,0.045990178982234564,0.044790178982234564,convergence
2020-09-21,1,-1.0,4,0.019900546636301808,0.01870054663630181,convergence
2020-11-10,0,-1.0,10,0.025609396113031035,0.024409396113031036,horizon
2020-11-11,0,-1.0,10,0.013481885622378176,0.012281885622378176,horizon
2020-11-12,0,-1.0,10,0.009590386378364624,0.008390386378364624,horizon
2020-11-13,1,-1.0,10,0.025065796166103826,0.023865796166103827,convergence
2020-11-16,1,-1.0,9,0.027410826698052393,0.026210826698052393,convergence
2020-11-17,1,-1.0,8,0.0267753689187602,0.0255753689187602,convergence
2020-12-31,0,-1.0,3,0.05597699428421299,0.05477699428421299,stop_loss
2021-01-04,0,-1.0,2,0.03678736272893879,0.03558736272893879,stop_loss
2021-01-06,0,1.0,1,-0.008867571005288788,-0.010067571005288788,stop_loss
2021-01-07,0,1.0,10,-0.010345314673284367,-0.011545314673284367,horizon
2021-01-08,0,1.0,10,-0.026182691878345654,-0.027382691878345654,horizon
2021-01-11,0,1.0,10,-0.016849521937290834,-0.018049521937290834,horizon
2021-01-12,0,1.0,10,-0.014886879022286248,-0.016086879022286248,horizon
2021-01-13,0,1.0,10,-0.0032801202714658473,-0.004480120271465847,horizon
2021-01-14,0,1.0,10,0.004185500808945086,0.0029855008089450866,horizon
2021-01-15,0,1.0,10,0.017873623773679626,0.016673623773679626,horizon
2021-01-19,0,1.0,10,0.02778762980261673,0.02658762980261673,horizon
2021-01-20,0,1.0,10,0.018600645421885442,0.017400645421885443,horizon
2021-01-21,0,1.0,10,0.0008701670745270285,-0.00032983292547297143,horizon
2021-02-12,0,-1.0,10,-0.001666717398943529,-0.0028667173989435288,horizon
2021-02-16,0,-1.0,10,-0.014243647844424334,-0.015443647844424334,horizon
2021-02-17,0,-1.0,10,-0.025542138622036248,-0.026742138622036248,horizon
2021-02-18,0,-1.0,10,-0.012900233796200311,-0.01410023379620031,horizon
2021-02-19,0,-1.0,10,-0.005087450165886409,-0.006287450165886409,horizon
2021-02-22,0,-1.0,10,-0.013380613984615763,-0.014580613984615763,horizon
2021-02-23,0,-1.0,10,-0.003516684596995834,-0.0047166845969958335,horizon
2021-02-24,0,-1.0,10,-0.0007404868226017491,-0.001940486822601749,horizon
2021-02-25,0,-1.0,10,0.008867011879899245,0.007667011879899245,horizon
2021-02-26,0,-1.0,10,-0.009487435693296131,-0.010687435693296131,horizon
2021-03-09,0,-1.0,10,0.018871527036919744,0.017671527036919744,horizon
2021-04-29,0,-1.0,10,0.007238493020811809,0.0060384930208118096,horizon
2021-04-30,0,-1.0,10,-0.0019813548647227286,-0.0031813548647227283,horizon
2021-05-26,0,1.0,1,0.016909259717842406,0.015709259717842407,stop_loss
2021-05-28,0,-1.0,4,-0.012368149874117051,-0.013568149874117051,stop_loss
2021-06-03,0,-1.0,1,-0.00991213160958404,-0.01111213160958404,stop_loss
2021-06-07,0,-1.0,10,0.01721351303749108,0.01601351303749108,horizon
2021-06-08,0,-1.0,10,0.014251599693130501,0.013051599693130501,horizon
2021-06-09,0,-1.0,10,0.011237431704567591,0.010037431704567591,horizon
2021-06-14,0,-1.0,10,0.016178312360373592,0.014978312360373593,horizon
2021-06-21,0,1.0,10,-0.021158171391289393,-0.022358171391289393,horizon
2021-06-30,1,1.0,9,0.009207952087438187,0.008007952087438187,convergence
2021-07-01,1,1.0,8,0.012126762512524536,0.010926762512524536,convergence
2021-07-02,1,1.0,7,0.011436597895945422,0.010236597895945422,convergence
2021-07-06,1,1.0,6,0.018032581960099936,0.016832581960099936,convergence
2021-07-07,1,1.0,5,0.013021473347993862,0.011821473347993862,convergence
2021-07-08,1,1.0,4,0.016855813187693247,0.015655813187693247,convergence
2021-07-09,1,1.0,3,0.008982911083841305,0.007782911083841305,convergence
2021-08-09,0,-1.0,10,0.019565257683507475,0.018365257683507476,horizon
2021-08-10,0,-1.0,10,0.02065804292135276,0.01945804292135276,horizon
2021-08-11,0,-1.0,10,0.01243143196708063,0.011231431967080631,horizon
2021-08-23,0,1.0,10,-0.0035384401612721383,-0.004738440161272138,horizon
2021-08-24,0,1.0,10,-0.001289896005625124,-0.0024898960056251238,horizon
2021-08-25,0,1.0,10,-0.010991760341337198,-0.012191760341337197,horizon
2021-08-27,0,1.0,10,-0.0010414951117936333,-0.002241495111793633,horizon
2021-08-30,0,1.0,10,-0.002208173330073393,-0.0034081733300733927,horizon
2021-09-08,0,1.0,10,-0.021584839125518673,-0.022784839125518673,horizon
2021-09-10,0,1.0,10,-0.018145954112056994,-0.019345954112056994,horizon
2021-09-13,0,1.0,10,-0.023412610034267978,-0.024612610034267977,horizon
2021-09-20,0,1.0,10,-0.004120900608986844,-0.0053209006089868435,horizon
2021-09-21,0,1.0,10,-0.006737819251428689,-0.007937819251428689,horizon
2021-09-22,0,1.0,10,-0.01213671986253173,-0.01333671986253173,horizon
2021-09-23,0,1.0,10,-0.013255756375807781,-0.014455756375807781,horizon
2021-09-24,0,1.0,10,-0.004081818896318534,-0.005281818896318534,horizon
2021-09-27,0,1.0,10,-0.00461075195179772,-0.00581075195179772,horizon
2021-09-28,0,1.0,10,0.0027607310844364186,0.0015607310844364187,horizon
2021-09-29,0,1.0,10,-0.002048395143373405,-0.0032483951433734046,horizon
2021-09-30,0,1.0,10,-0.00044269377639638563,-0.0016426937763963855,horizon
2021-10-01,0,1.0,10,-0.008719983138302467,-0.009919983138302467,horizon
2021-10-08,0,1.0,10,-0.011550611191066373,-0.012750611191066373,horizon
2021-10-19,0,1.0,10,0.02381588921070632,0.02261588921070632,horizon
2021-10-20,0,1.0,10,0.016949922253280292,0.015749922253280292,horizon
2021-11-01,0,-1.0,10,0.0030690326880580265,0.0018690326880580266,horizon
2021-11-02,0,-1.0,10,0.00033500971458577666,-0.0008649902854142232,horizon
2021-11-12,1,-1.0,3,0.015565006671744097,0.014365006671744097,convergence
2021-11-29,0,1.0,10,0.035584767673559003,0.034384767673559004,horizon
2021-11-30,0,1.0,10,0.051078109626568224,0.049878109626568225,horizon
2021-12-01,0,1.0,10,0.05106904071750629,0.04986904071750629,horizon
2021-12-02,0,1.0,10,0.05232349834477468,0.05112349834477468,horizon
2021-12-03,0,1.0,10,0.060104891270417404,0.058904891270417405,horizon
2021-12-06,0,1.0,10,0.03415452007171993,0.03295452007171993,horizon
2022-01-05,0,-1.0,10,0.0011460779450178649,-5.392205498213503e-05,horizon
2022-01-06,0,-1.0,10,0.0017929157695513176,0.0005929157695513177,horizon
2022-01-07,0,-1.0,10,0.0030999620630041136,0.0018999620630041137,horizon
2022-02-08,0,-1.0,10,-0.015616058192803539,-0.01681605819280354,horizon
2022-02-09,0,-1.0,10,-0.025608598289605933,-0.026808598289605932,horizon
2022-02-11,0,-1.0,10,-0.05242501005427158,-0.05362501005427158,horizon
2022-02-15,0,-1.0,10,-0.030809433678503417,-0.03200943367850342,horizon
2022-02-16,0,-1.0,10,-0.03381828155245614,-0.03501828155245614,horizon
2022-02-17,0,-1.0,10,-0.006835717203955927,-0.008035717203955926,horizon
2022-02-18,0,-1.0,10,0.005728834487683798,0.0045288344876837985,horizon
2022-02-22,1,-1.0,10,0.01907932050520289,0.01787932050520289,convergence
2022-02-23,1,-1.0,9,0.014943777530891378,0.013743777530891378,convergence
2022-02-24,1,-1.0,8,0.009660033814549607,0.008460033814549607,convergence
2022-02-28,1,-1.0,6,0.038065047690892584,0.036865047690892584,convergence
2022-03-01,1,-1.0,5,0.04009324300194894,0.03889324300194894,convergence
2022-03-02,1,-1.0,4,0.03775377837330396,0.03655377837330396,convergence
2022-03-03,1,-1.0,3,0.03915138083907088,0.03795138083907088,convergence
2022-03-04,1,-1.0,2,0.030093610338069343,0.028893610338069343,convergence
2022-04-13,0,-1.0,10,-0.004150875217415972,-0.005350875217415972,horizon
2022-04-14,0,-1.0,10,0.005544003954117471,0.004344003954117472,horizon
2022-04-18,0,-1.0,10,0.0045186039469209405,0.003318603946920941,horizon
2022-04-19,1,-1.0,10,0.010693659068480077,0.009493659068480077,convergence
2022-04-20,1,-1.0,9,0.013847763685554959,0.01264776368555496,convergence
2022-04-21,1,-1.0,8,0.020173542226807673,0.018973542226807673,convergence
2022-04-22,1,-1.0,7,0.016529211561733703,0.015329211561733704,convergence
2022-04-25,1,-1.0,6,0.020549014838864732,0.019349014838864732,convergence
2022-04-26,1,-1.0,5,0.008752726010049727,0.007552726010049728,convergence
2022-05-19,1,1.0,2,0.027527746622137972,0.026327746622137972,convergence
2022-05-20,1,1.0,1,0.015742219561775794,0.014542219561775795,convergence
2022-05-23,1,1.0,3,0.003654174603839877,0.0024541746038398773,convergence
2022-06-13,0,1.0,7,-0.0030733200711372533,-0.004273320071137253,convergence
2022-06-17,1,1.0,3,0.009399750636601478,0.008199750636601479,convergence
2022-07-05,0,-1.0,10,0.016301213242106094,0.015101213242106094,horizon
2022-07-08,0,1.0,10,-0.015456176758761764,-0.016656176758761763,horizon
2022-07-11,0,1.0,10,-0.00941169288431487,-0.01061169288431487,horizon
2022-07-14,1,1.0,10,0.014004543548133519,0.01280454354813352,convergence
2022-07-15,1,1.0,9,0.00944984853151043,0.00824984853151043,convergence
2022-07-18,1,1.0,8,0.011228189353741591,0.010028189353741591,convergence
2022-07-19,1,1.0,7,0.00457723316751224,0.0033772331675122405,convergence
2022-07-21,1,1.0,5,0.0169927042878828,0.0157927042878828,convergence
2022-07-22,1,1.0,4,0.017851226727392255,0.016651226727392256,convergence
2022-07-25,1,1.0,3,0.009156038694849933,0.007956038694849933,convergence
2022-08-30,0,1.0,10,-0.009024087957897553,-0.010224087957897553,horizon
2022-08-31,0,1.0,10,-0.006715039927175148,-0.007915039927175148,horizon
2022-09-01,0,1.0,10,-0.008754319250310338,-0.009954319250310338,horizon
2022-09-02,0,1.0,10,-0.0038470623481337007,-0.0050470623481337,horizon
2022-09-06,0,1.0,10,-0.011414438832319185,-0.012614438832319184,horizon
2022-09-07,0,1.0,10,-0.02065889185733427,-0.02185889185733427,horizon
2022-09-14,0,1.0,9,-0.05676674416787053,-0.05796674416787053,stop_loss
2022-09-15,0,1.0,8,-0.05491952349465601,-0.05611952349465601,stop_loss
2022-09-16,0,1.0,7,-0.05045746940945817,-0.051657469409458166,stop_loss
2022-09-19,0,1.0,6,-0.05057441709563815,-0.051774417095638146,stop_loss
2022-09-20,0,1.0,5,-0.048277459620903684,-0.049477459620903684,stop_loss
2022-09-21,0,1.0,4,-0.04190647985895657,-0.04310647985895657,stop_loss
2022-09-22,0,1.0,3,-0.03887586546381527,-0.04007586546381527,stop_loss
2022-09-23,0,1.0,2,-0.02801143156111463,-0.02921143156111463,stop_loss
2022-09-26,0,1.0,1,-0.015769724156485587,-0.016969724156485587,stop_loss
2022-09-27,0,1.0,10,-0.019565026370746974,-0.020765026370746974,horizon
2022-09-28,0,1.0,10,-0.035836366758823957,-0.037036366758823956,horizon
2022-09-29,0,1.0,10,-0.04560631759082412,-0.04680631759082412,horizon
2022-09-30,0,1.0,10,-0.048127948376689655,-0.049327948376689655,horizon
2022-10-03,0,1.0,10,-0.048387887527193474,-0.049587887527193474,horizon
2022-10-04,0,1.0,10,-0.03886233894859625,-0.04006233894859625,horizon
2022-10-05,0,1.0,10,-0.03566004812392354,-0.03686004812392354,horizon
2022-10-06,0,1.0,10,-0.03573122684228691,-0.03693122684228691,horizon
2022-10-07,0,1.0,10,-0.022138920562302822,-0.02333892056230282,horizon
2022-10-10,0,1.0,10,-0.009277496730187185,-0.010477496730187184,horizon
2022-10-11,1,1.0,10,0.013769387518671738,0.012569387518671739,convergence
2022-10-12,1,1.0,9,0.03069271459529599,0.02949271459529599,convergence
2022-10-13,1,1.0,8,0.03899694513005203,0.03779694513005203,convergence
2022-10-14,1,1.0,7,0.03692941840522623,0.03572941840522623,convergence
2022-10-17,1,1.0,6,0.03457094573217834,0.03337094573217834,convergence
2022-10-18,1,1.0,5,0.030665979019187883,0.029465979019187884,convergence
2022-11-11,0,-1.0,10,0.0005600522370863281,-0.0006399477629136718,horizon
2022-11-14,0,-1.0,10,-0.005348385179232196,-0.006548385179232195,horizon
2022-11-15,0,-1.0,10,-0.022609142406433858,-0.023809142406433857,horizon
2022-11-16,0,-1.0,10,-0.025903661197977712,-0.02710366119797771,horizon
2022-12-01,0,-1.0,10,-0.011102246203939625,-0.012302246203939625,horizon
2022-12-02,0,-1.0,10,0.0045112348553773,0.0033112348553773,horizon
2022-12-05,0,-1.0,10,0.0030702928030570398,0.0018702928030570399,horizon
2022-12-06,0,-1.0,10,0.008740142449939814,0.007540142449939814,horizon
2022-12-07,0,-1.0,10,-0.002842847848762098,-0.0040428478487620975,horizon
2022-12-08,0,-1.0,10,-0.0030310326532276832,-0.004231032653227683,horizon
2023-01-13,1,1.0,5,0.005402841584498219,0.0042028415844982195,convergence
2023-01-19,1,1.0,2,0.01063238321560478,0.00943238321560478,convergence
2023-01-20,1,1.0,1,0.005663320054110521,0.004463320054110521,convergence
2023-02-01,0,-1.0,7,0.047144168731548586,0.045944168731548586,stop_loss
2023-02-07,0,1.0,3,-0.02638550775089632,-0.02758550775089632,stop_loss
2023-02-08,0,1.0,2,-0.022192067787062175,-0.023392067787062175,stop_loss
2023-02-09,0,1.0,1,-0.013856438374097557,-0.015056438374097557,stop_loss
2023-02-10,0,1.0,10,0.004513442572608106,0.0033134425726081065,horizon
2023-02-13,0,1.0,10,-0.0010850179536201487,-0.0022850179536201484,horizon
2023-02-14,0,1.0,10,0.00576088096501115,0.004560880965011151,horizon
2023-02-15,0,1.0,10,0.008305748718752781,0.0071057487187527815,horizon
2023-02-16,0,1.0,10,0.008517319533749124,0.007317319533749124,horizon
2023-02-17,1,1.0,10,0.0104604142187954,0.0092604142187954,convergence
2023-02-22,1,1.0,8,0.012149784109330763,0.010949784109330764,convergence
2023-03-28,0,-1.0,10,-0.008240730491638093,-0.009440730491638093,horizon
2023-03-29,0,-1.0,10,-0.006269210894191524,-0.007469210894191523,horizon
2023-03-30,0,-1.0,10,-0.00881557153914736,-0.01001557153914736,horizon
2023-03-31,0,-1.0,10,-0.014503296746684491,-0.01570329674668449,horizon
2023-04-04,0,-1.0,10,-0.012284915030337462,-0.013484915030337462,horizon
2023-04-05,0,-1.0,10,-0.011826710275269825,-0.013026710275269825,horizon
2023-04-06,0,-1.0,10,-0.015057470581351762,-0.01625747058135176,horizon
2023-04-10,0,-1.0,10,-0.011079405555981303,-0.012279405555981303,horizon
2023-04-11,0,-1.0,10,0.005675823830305404,0.004475823830305405,horizon
2023-04-12,0,-1.0,10,0.00916063896451158,0.00796063896451158,horizon
2023-04-13,0,-1.0,10,0.011713918181322391,0.010513918181322392,horizon
2023-04-14,0,-1.0,10,0.010577248815815565,0.009377248815815566,horizon
2023-04-17,0,-1.0,10,0.014031289919131051,0.012831289919131052,horizon
2023-04-18,0,-1.0,10,0.020770239706187965,0.019570239706187965,horizon
2023-04-19,0,-1.0,10,0.028459925532066777,0.027259925532066777,horizon
2023-04-20,0,-1.0,10,0.03381804066991334,0.03261804066991334,horizon
2023-04-21,0,-1.0,10,0.03346827218891324,0.03226827218891324,horizon
2023-04-24,0,-1.0,10,0.02976984687743567,0.02856984687743567,horizon
2023-04-25,0,-1.0,10,0.023548682714010116,0.022348682714010117,horizon
2023-05-04,0,1.0,10,-0.007858471008262757,-0.009058471008262757,horizon
2023-05-05,0,1.0,10,-0.009864299423298029,-0.011064299423298028,horizon
2023-05-08,0,1.0,10,-0.013463156097850426,-0.014663156097850426,horizon
2023-05-09,0,1.0,10,-0.001881933883088216,-0.0030819338830882156,horizon
2023-05-10,0,1.0,10,-0.007150037703334888,-0.008350037703334888,horizon
2023-05-11,0,1.0,10,-0.012490285988574712,-0.013690285988574712,horizon
2023-05-12,0,1.0,10,-0.015219777352829755,-0.016419777352829755,horizon
2023-05-15,0,1.0,10,-0.01963497840577766,-0.02083497840577766,horizon
2023-05-17,0,1.0,10,-0.018793045457577318,-0.019993045457577317,horizon
2023-05-26,0,1.0,10,0.0007479984969571696,-0.0004520015030428303,horizon
2023-05-30,0,1.0,10,0.006496615414705698,0.005296615414705698,horizon
2023-06-01,0,1.0,10,0.014351554017972834,0.013151554017972834,horizon
2023-06-30,1,1.0,2,0.008189083414779308,0.006989083414779308,convergence
2023-07-03,1,1.0,1,0.00367768370792243,0.0024776837079224304,convergence
2023-07-11,1,1.0,4,0.015130106124943143,0.013930106124943144,convergence
2023-07-12,1,1.0,3,0.006648768660161508,0.0054487686601615085,convergence
2023-07-14,1,1.0,1,0.008278938725015728,0.007078938725015728,convergence
2023-07-28,1,-1.0,5,0.00720256210539727,0.00600256210539727,convergence
2023-08-18,1,-1.0,7,0.018238023582793694,0.017038023582793695,convergence
2023-08-21,1,-1.0,6,0.014167309355663793,0.012967309355663793,convergence
2023-08-22,1,-1.0,5,0.01343673238989318,0.01223673238989318,convergence
2023-08-23,1,-1.0,4,0.007256809612130155,0.006056809612130155,convergence
2023-09-08,0,1.0,10,-0.0006695579027060639,-0.0018695579027060638,horizon
2023-09-11,0,1.0,10,-0.0061357233979904,-0.0073357233979904,horizon
2023-09-12,0,1.0,10,0.0002498769426542147,-0.0009501230573457852,horizon
2023-09-13,0,1.0,10,0.0053003923185062085,0.004100392318506209,horizon
2023-09-14,0,1.0,10,0.0009148532810434595,-0.00028514671895654036,horizon
2023-09-15,0,1.0,10,0.00769828294851882,0.00649828294851882,horizon
2023-09-18,0,1.0,10,-0.00815099023843846,-0.00935099023843846,horizon
2023-10-05,1,1.0,9,0.022913424509143798,0.0217134245091438,convergence
2023-10-06,1,1.0,8,0.009346855494449802,0.008146855494449802,convergence
2023-10-10,1,1.0,6,0.010635397068369912,0.009435397068369912,convergence
2023-10-20,0,-1.0,10,-0.009613412005163635,-0.010813412005163635,horizon
2023-10-23,0,-1.0,10,-0.023413555232013827,-0.024613555232013827,horizon
2023-10-25,0,-1.0,10,0.004475784651700732,0.003275784651700732,horizon
2023-10-26,0,-1.0,10,0.004850678093135663,0.0036506780931356633,horizon
2023-10-27,0,-1.0,10,0.005174122987962715,0.003974122987962715,horizon
2023-10-30,0,-1.0,10,0.009725043618002527,0.008525043618002527,horizon
2023-10-31,0,-1.0,10,0.009868212405796495,0.008668212405796495,horizon
2023-11-01,0,-1.0,10,-0.003418459211742775,-0.0046184592117427745,horizon
2023-11-28,0,-1.0,10,-0.01843309992072273,-0.01963309992072273,horizon
2023-11-29,0,-1.0,10,-0.011117974616378312,-0.012317974616378312,horizon
2023-11-30,0,-1.0,10,-0.010382516264912045,-0.011582516264912045,horizon
2023-12-01,0,-1.0,10,-0.006436145378913238,-0.007636145378913238,horizon
2023-12-04,0,-1.0,10,-0.008615671803733349,-0.009815671803733349,horizon
2023-12-06,1,-1.0,10,0.009315703276476572,0.008115703276476573,convergence
2023-12-07,1,-1.0,9,0.011912846484601669,0.01071284648460167,convergence
2023-12-08,1,-1.0,8,0.017251798251589623,0.016051798251589623,convergence
2023-12-11,1,-1.0,7,0.0154886809613064,0.0142886809613064,convergence
2023-12-12,1,-1.0,6,0.01917156639562867,0.01797156639562867,convergence
2023-12-13,1,-1.0,5,0.01301722363375557,0.01181722363375557,convergence
2024-01-08,0,-1.0,1,-0.006325219341852151,-0.00752521934185215,stop_loss
2024-01-09,1,-1.0,10,0.011663189415947794,0.010463189415947795,convergence
2024-01-10,1,-1.0,9,0.0160487424393434,0.0148487424393434,convergence
2024-01-11,1,-1.0,8,0.012903230038277869,0.011703230038277869,convergence
2024-01-12,1,-1.0,7,0.017719039943349557,0.016519039943349557,convergence
2024-01-16,1,-1.0,6,0.015738142509878816,0.014538142509878817,convergence
2024-01-17,1,-1.0,5,0.014590312554569884,0.013390312554569885,convergence
2024-01-18,1,-1.0,4,0.014326253932690935,0.013126253932690936,convergence
2024-01-19,1,-1.0,3,0.014728405149259327,0.013528405149259327,convergence
2024-02-09,1,1.0,5,0.0028565567724436747,0.0016565567724436748,convergence
2024-02-22,0,-1.0,10,0.011803335207782428,0.010603335207782429,horizon
2024-02-23,0,-1.0,10,0.0053658043135187405,0.004165804313518741,horizon
2024-03-14,0,-1.0,10,0.03140340782367934,0.03020340782367934,horizon
2024-03-15,0,-1.0,10,0.02157597749741136,0.02037597749741136,horizon
2024-04-05,0,1.0,10,-0.009525132347621756,-0.010725132347621756,horizon
2024-04-09,0,1.0,10,0.012764781746016585,0.011564781746016585,horizon
2024-04-11,1,1.0,9,0.004450760137208576,0.003250760137208576,convergence
2024-04-15,1,1.0,7,0.014035772354804354,0.012835772354804355,convergence
2024-04-16,1,1.0,6,0.01773778980744556,0.01653778980744556,convergence
2024-04-17,1,1.0,5,0.01832469672216197,0.01712469672216197,convergence
2024-04-18,1,1.0,4,0.02305468789277665,0.02185468789277665,convergence
2024-04-19,1,1.0,3,0.009483520349257368,0.008283520349257369,convergence
2024-04-30,0,-1.0,10,-0.005565162643951904,-0.006765162643951904,horizon
2024-05-02,1,-1.0,10,0.008981433687393015,0.007781433687393015,convergence
2024-05-03,1,-1.0,9,0.009065993415786178,0.007865993415786178,convergence
2024-05-07,1,-1.0,7,0.008812797454211374,0.007612797454211374,convergence
2024-05-09,1,-1.0,5,0.012797383797991557,0.011597383797991558,convergence
2024-05-30,0,-1.0,10,-0.04106242401875093,-0.04226242401875093,horizon
2024-05-31,0,-1.0,10,-0.03429958257286092,-0.03549958257286092,horizon
2024-06-03,0,-1.0,10,-0.01857199271253318,-0.01977199271253318,horizon
2024-06-04,0,-1.0,10,-0.012262152943240512,-0.013462152943240512,horizon
2024-06-05,0,-1.0,10,-0.0028871251983586532,-0.004087125198358653,horizon
2024-06-06,0,-1.0,10,-0.005015932955564573,-0.006215932955564572,horizon
2024-06-07,0,-1.0,10,-0.021009264494410207,-0.022209264494410207,horizon
2024-06-10,0,-1.0,10,-0.005501091860390606,-0.006701091860390605,horizon
2024-06-11,0,-1.0,10,-0.008450121993318849,-0.009650121993318848,horizon
2024-06-12,0,-1.0,10,-0.01356847691388996,-0.01476847691388996,horizon
2024-06-13,0,-1.0,10,-0.0112611374603242,-0.0124611374603242,horizon
2024-06-14,0,-1.0,10,-0.015584482232628094,-0.016784482232628094,horizon
2024-06-17,0,-1.0,10,-0.019405971422129298,-0.020605971422129297,horizon
2024-07-17,0,-1.0,10,-0.011717000213825823,-0.012917000213825823,horizon
2024-07-24,0,-1.0,10,-0.024421893726785715,-0.025621893726785715,horizon
2024-07-25,0,-1.0,10,-0.03391261200089524,-0.03511261200089524,horizon
2024-07-29,0,-1.0,10,-0.027196192391178986,-0.028396192391178986,horizon
2024-07-31,0,-1.0,10,-0.02295125168688772,-0.02415125168688772,horizon
2024-08-02,0,-1.0,10,-0.019689705813341618,-0.020889705813341618,horizon
2024-08-05,0,-1.0,10,-0.013733596859892838,-0.014933596859892838,horizon
2024-08-06,0,-1.0,10,-0.005717644605279126,-0.006917644605279126,horizon
2024-08-07,0,-1.0,10,-0.002148021474132733,-0.0033480214741327327,horizon
2024-08-08,0,-1.0,10,0.004996128029977065,0.0037961280299770653,horizon
2024-08-09,0,-1.0,10,-0.001903931820220084,-0.0031039318202200836,horizon
2024-08-12,0,-1.0,10,-0.019899447488637367,-0.021099447488637367,horizon
2024-08-13,0,-1.0,10,-0.031531822111703356,-0.032731822111703356,horizon
2024-08-14,0,-1.0,10,-0.044332904353673985,-0.045532904353673985,horizon
2024-08-19,0,-1.0,10,-0.041809837110215575,-0.043009837110215575,horizon
2024-08-27,0,-1.0,10,0.013187184706803912,0.011987184706803912,horizon
2024-08-28,1,-1.0,10,0.026044229319188705,0.024844229319188706,convergence
2024-08-29,1,-1.0,9,0.03769455623184337,0.03649455623184337,convergence
2024-08-30,1,-1.0,8,0.04026892192130749,0.03906892192130749,convergence
2024-09-03,1,-1.0,7,0.028889257535990698,0.027689257535990698,convergence
2024-09-04,1,-1.0,6,0.018815262752800876,0.017615262752800877,convergence
2024-09-23,0,-1.0,10,0.018239022415135864,0.017039022415135864,horizon
2024-09-24,0,-1.0,10,0.032682268968414085,0.031482268968414086,horizon
2024-09-25,0,-1.0,10,0.039648130688104466,0.038448130688104466,horizon
2024-09-26,0,-1.0,10,0.04419078954510436,0.04299078954510436,horizon
2024-09-30,0,-1.0,10,0.04609354124893761,0.04489354124893761,horizon
2024-10-01,0,-1.0,10,0.03769283927901368,0.03649283927901368,horizon
2024-10-11,0,1.0,10,-0.026515711477846704,-0.027715711477846704,horizon
2024-10-14,0,1.0,10,-0.02799758688358045,-0.02919758688358045,horizon
2024-10-22,0,1.0,10,-0.033602795579438016,-0.034802795579438016,horizon
2024-10-24,0,1.0,10,-0.02127620373832695,-0.02247620373832695,horizon
2024-10-25,0,1.0,10,-0.017827546649312076,-0.019027546649312076,horizon
2024-10-28,0,1.0,10,-0.02730597151270242,-0.02850597151270242,horizon
2024-10-29,0,1.0,10,-0.023197003005181127,-0.024397003005181127,horizon
2024-10-30,0,1.0,10,-0.03902705829983155,-0.04022705829983155,horizon
2024-11-01,0,1.0,10,-0.021208193229329986,-0.022408193229329985,horizon
2024-11-04,0,1.0,10,-0.0163150397568268,-0.0175150397568268,horizon
2024-11-07,1,1.0,8,0.015148358985416888,0.013948358985416888,convergence
2024-11-08,1,1.0,7,0.015841111701170973,0.014641111701170974,convergence
2024-11-12,1,1.0,5,0.02386464271630162,0.02266464271630162,convergence
2024-11-13,1,1.0,4,0.028752955700284133,0.027552955700284133,convergence
2024-11-14,1,1.0,3,0.03767864589845438,0.03647864589845438,convergence
2024-11-15,1,1.0,2,0.022192850465793335,0.020992850465793335,convergence
2024-12-13,0,-1.0,10,-0.011118419886183784,-0.012318419886183783,horizon
2024-12-18,0,-1.0,10,-0.004570472725837771,-0.0057704727258377705,horizon
2024-12-19,0,-1.0,10,0.0019162132363654827,0.0007162132363654828,horizon
2024-12-20,0,-1.0,10,-0.007328504788858048,-0.008528504788858048,horizon
2024-12-23,0,-1.0,10,-0.011752778409955589,-0.012952778409955588,horizon
2024-12-24,0,-1.0,10,-0.02011688269922729,-0.02131688269922729,horizon
2024-12-26,0,-1.0,10,-0.023002704632707704,-0.024202704632707704,horizon
2025-01-10,1,-1.0,8,0.02152914595410982,0.02032914595410982,convergence
2025-01-13,1,-1.0,7,0.021822925035488883,0.020622925035488883,convergence
2025-01-14,1,-1.0,6,0.025930749608040315,0.024730749608040316,convergence
2025-01-15,1,-1.0,5,0.022398997645092678,0.021198997645092678,convergence
2025-01-16,1,-1.0,4,0.02159765725705043,0.02039765725705043,convergence
2025-01-17,1,-1.0,3,0.02075829307775745,0.01955829307775745,convergence
2025-01-31,0,-1.0,7,-0.086980845734967,-0.08818084573496701,stop_loss
2025-02-05,0,-1.0,4,-0.06866756565629872,-0.06986756565629873,stop_loss
2025-02-06,0,-1.0,3,-0.06336647296511355,-0.06456647296511356,stop_loss
2025-02-07,0,-1.0,2,-0.05206408998974421,-0.05326408998974421,stop_loss
2025-02-10,0,-1.0,1,-0.03987838170362146,-0.04107838170362146,stop_loss
2025-02-11,0,-1.0,1,-0.02434144403660099,-0.02554144403660099,stop_loss
2025-02-12,0,-1.0,1,-0.008541365218384556,-0.009741365218384555,stop_loss
2025-02-13,0,-1.0,10,0.01787850126242141,0.01667850126242141,horizon
2025-02-14,0,-1.0,10,0.01066140572904617,0.00946140572904617,horizon
2025-02-18,0,-1.0,10,0.03146970112117131,0.030269701121171312,horizon
2025-02-19,0,-1.0,10,0.037939294238090504,0.036739294238090504,horizon
2025-02-20,0,-1.0,10,0.01967516609070108,0.01847516609070108,horizon
2025-02-21,0,-1.0,10,0.009418191437768453,0.008218191437768453,horizon
2025-04-01,0,-1.0,10,-0.032880529846960105,-0.034080529846960105,horizon
2025-04-02,0,-1.0,10,-0.049055007328353994,-0.050255007328353994,horizon
2025-04-03,0,-1.0,10,-0.038541447690255914,-0.039741447690255914,horizon
2025-04-04,0,-1.0,10,-0.0637404949981808,-0.0649404949981808,horizon
2025-04-09,0,-1.0,10,-0.08784830030194346,-0.08904830030194347,horizon
2025-04-11,0,-1.0,10,-0.05928351031711365,-0.06048351031711365,horizon
2025-04-14,0,-1.0,10,-0.061239669309693046,-0.062439669309693045,horizon
2025-04-15,0,-1.0,10,-0.046432562871236094,-0.047632562871236094,horizon
2025-04-16,0,-1.0,10,-0.028342451430512394,-0.029542451430512394,horizon
2025-04-17,0,-1.0,10,-0.02781701301793804,-0.02901701301793804,horizon
2025-04-21,0,-1.0,10,-0.03551983570463735,-0.03671983570463735,horizon
2025-04-22,0,-1.0,10,-0.0356934947981391,-0.0368934947981391,horizon
2025-04-23,0,-1.0,10,-0.040992089659123376,-0.042192089659123376,horizon
2025-04-24,0,-1.0,10,-0.001776958431011888,-0.0029769584310118877,horizon
2025-04-25,0,-1.0,10,0.0037620306371501933,0.0025620306371501936,horizon
2025-04-28,0,-1.0,10,0.020907378830022694,0.019707378830022694,horizon
2025-04-29,0,-1.0,10,0.026614640387088162,0.025414640387088162,horizon
2025-04-30,0,-1.0,10,0.009662844226831169,0.008462844226831169,horizon
2025-05-01,0,-1.0,10,-0.015414465054384152,-0.016614465054384152,horizon
2025-05-07,0,-1.0,10,-0.0019238082053716354,-0.003123808205371635,horizon
2025-05-08,0,-1.0,10,-0.006660025291004956,-0.007860025291004956,horizon
2025-06-20,0,1.0,10,0.0021661193623425667,0.0009661193623425669,horizon
2025-06-23,0,1.0,10,-0.024711862121456374,-0.025911862121456374,horizon
2025-07-03,0,1.0,9,-0.06138106138822508,-0.06258106138822508,stop_loss
2025-07-09,0,1.0,6,-0.039538094953693204,-0.0407380949536932,stop_loss
2025-07-10,0,1.0,5,-0.03534205769051946,-0.03654205769051946,stop_loss
2025-07-11,0,1.0,4,-0.04104690259941357,-0.04224690259941357,stop_loss
2025-07-14,0,1.0,3,-0.03368732240825967,-0.03488732240825967,stop_loss
2025-07-15,0,1.0,2,-0.041340336430831126,-0.042540336430831126,stop_loss
2025-07-16,0,1.0,1,-0.03195212743078013,-0.03315212743078013,stop_loss
2025-07-17,0,1.0,10,-0.0014684181590451928,-0.0026684181590451925,horizon
2025-07-18,0,1.0,10,0.005544766169875537,0.004344766169875537,horizon
2025-07-21,0,1.0,10,-0.005209904473937765,-0.006409904473937765,horizon
2025-07-22,0,1.0,10,0.02384735469566701,0.02264735469566701,horizon
2025-07-23,0,1.0,10,0.0290380788467397,0.0278380788467397,horizon
2025-07-24,0,1.0,10,0.021956635546957592,0.020756635546957593,horizon
2025-07-25,0,1.0,10,0.008152541461197593,0.006952541461197594,horizon
2025-07-28,0,1.0,10,0.022032628299132107,0.020832628299132107,horizon
2025-07-29,0,1.0,10,0.00449712751296083,0.0032971275129608305,horizon
2025-08-15,0,1.0,10,-0.005116126127984177,-0.006316126127984177,horizon
2025-08-18,0,1.0,10,-0.004455563324317069,-0.005655563324317069,horizon
2025-08-19,0,1.0,10,0.00015710271664204356,-0.0010428972833579563,horizon
2025-08-20,0,1.0,10,-0.017024704968487736,-0.018224704968487736,horizon
2025-08-29,0,1.0,10,-0.0012137030777679136,-0.0024137030777679133,horizon
2025-09-03,1,1.0,10,0.008237186526616203,0.007037186526616203,convergence
2025-09-08,1,1.0,7,0.004237988588435382,0.003037988588435382,convergence
2025-10-03,0,1.0,5,-0.03338833555053089,-0.03458833555053089,stop_loss
2025-10-08,0,-1.0,2,0.04121462026777678,0.04001462026777678,stop_loss
2025-10-10,0,1.0,10,0.03216370061289764,0.03096370061289764,horizon
2025-10-13,0,1.0,10,0.030110282310057634,0.028910282310057635,horizon
2025-10-14,0,1.0,10,0.045158153967942205,0.043958153967942205,horizon
2025-10-15,0,1.0,10,0.04253507071162366,0.04133507071162366,horizon
2025-10-16,0,1.0,10,0.04447168760782416,0.04327168760782416,horizon
2025-10-17,0,1.0,10,0.04264304139400599,0.04144304139400599,horizon
2025-10-20,0,1.0,10,0.04088451230917567,0.03968451230917567,horizon
2025-11-05,0,-1.0,10,-0.016523813032641055,-0.017723813032641055,horizon
2025-11-06,0,-1.0,10,-0.008441029813764267,-0.009641029813764267,horizon
2025-11-07,0,-1.0,10,-0.016931602107483457,-0.018131602107483456,horizon
2025-11-10,0,-1.0,10,-0.014797400161890018,-0.015997400161890017,horizon
2025-11-11,0,-1.0,10,-0.008866946801778575,-0.010066946801778574,horizon
2025-11-12,0,-1.0,10,-0.001614980477508965,-0.0028149804775089646,horizon
2025-11-13,0,-1.0,10,-0.01053107623191174,-0.01173107623191174,horizon
2025-11-24,1,-1.0,5,0.03475809886703507,0.03355809886703507,convergence
2025-11-25,1,-1.0,4,0.03207624630852823,0.030876246308528234,convergence
2025-12-12,1,1.0,7,0.024228347146355134,0.023028347146355134,convergence
2025-12-17,1,1.0,4,0.019423625080791762,0.018223625080791762,convergence
2026-01-12,1,-1.0,3,0.02587028451951534,0.02467028451951534,convergence
2026-01-13,1,-1.0,2,0.025788637707162998,0.024588637707163,convergence
2026-01-14,1,-1.0,1,0.016670970951286446,0.015470970951286446,convergence
2026-01-23,1,-1.0,7,0.030562162362147482,0.029362162362147483,convergence
2026-01-26,1,-1.0,6,0.01988206382098845,0.01868206382098845,convergence
2026-01-27,1,-1.0,5,0.01946950354226562,0.01826950354226562,convergence
2026-02-11,0,1.0,10,0.030477830308813125,0.029277830308813126,horizon
2026-02-18,1,-1.0,10,0.015616996313902565,0.014416996313902565,convergence
2026-03-17,1,-1.0,10,0.014431609182354421,0.013231609182354422,convergence
2026-03-18,1,-1.0,9,0.006959395406594737,0.0057593954065947375,convergence
2026-04-09,1,-1.0,2,0.015635944523900047,0.014435944523900048,convergence
2026-04-10,1,-1.0,1,0.008445754500180147,0.007245754500180147,convergence
2026-04-17,1,1.0,4,0.01599289724374886,0.01479289724374886,convergence
2026-04-20,1,1.0,3,0.01637612328702298,0.015176123287022981,convergence
2026-04-21,1,1.0,2,0.01738032901225761,0.016180329012257612,convergence
2026-04-22,1,1.0,1,0.013142407129140388,0.011942407129140388,convergence
2026-04-29,0,-1.0,10,-0.04542120363593316,-0.04662120363593316,horizon
2026-04-30,0,-1.0,10,-0.06644830344366914,-0.06764830344366915,horizon
2026-05-05,0,-1.0,10,-0.06452056414737406,-0.06572056414737407,horizon
2026-05-06,0,-1.0,10,-0.059761018317043835,-0.060961018317043834,horizon
2026-05-07,0,-1.0,10,-0.0688196153739491,-0.0700196153739491,horizon
2026-05-12,0,-1.0,10,-0.03907078705168621,-0.040270787051686206,horizon
2026-05-13,0,-1.0,10,-0.01612327585901241,-0.01732327585901241,horizon
2026-05-14,0,-1.0,10,-0.0035689821491082796,-0.004768982149108279,horizon
2026-05-15,0,-1.0,10,-0.0096364047652715,-0.0108364047652715,horizon
2026-05-18,0,-1.0,10,0.0006615089642729721,-0.0005384910357270278,horizon
2026-05-19,0,-1.0,10,0.0015331471528190477,0.0003331471528190478,horizon
2026-05-20,0,-1.0,10,0.02510560419540031,0.02390560419540031,horizon
2026-05-21,0,-1.0,10,-0.005264741268514506,-0.006464741268514505,horizon
2026-05-22,0,-1.0,10,-0.016533374860698835,-0.017733374860698835,horizon
2026-05-27,0,-1.0,10,-0.03300768614326488,-0.03420768614326488,horizon
2026-05-28,0,-1.0,10,-0.031105016666502117,-0.032305016666502116,horizon
2026-06-11,0,-1.0,10,-0.01925055713385948,-0.02045055713385948,horizon
2026-06-12,0,-1.0,10,-0.03473519535387082,-0.03593519535387082,horizon
