scenario_id,regime,spread_std,spread_max_abs_deviation,spread_autocorrelation_1,baseline_cumulative_net_pnl,baseline_sharpe,baseline_max_drawdown,ml_cumulative_net_pnl,ml_sharpe,ml_max_drawdown,ml_minus_baseline_pnl
1,calm,0.024432114652535083,0.0649624707920482,0.9595656858692287,0.006205686579551218,0.13804489550499952,-0.05532475398009864,0.006205686579551218,0.13804489550499952,-0.05532475398009864,0.0
2,high_volatility,0.056207116141143536,0.12605587416921732,0.9467738681746346,0.050453619549622825,0.42697274372363286,-0.2015780548821397,0.050453619549622825,0.42697274372363286,-0.2015780548821397,0.0
3,jump,0.06629678554187066,0.15753274199174275,0.922881880455722,0.06184574085708992,0.328709733575044,-0.12952869824307456,-0.03676694159985382,-0.21591019868747427,-0.13064613759366572,-0.09861268245694374
4,weak_mean_reversion,0.045070932527619796,0.08633432757201999,0.9683852566016253,-0.12295204873504419,-1.62094187949743,-0.20874828582863802,-0.129766394336113,-1.8379348419514177,-0.21556263142970689,-0.006814345601068819
5,stress,0.20507768214597014,0.363179462620315,0.9714799594385792,-0.057654502377514336,-0.22277611494257812,-0.4018065284562883,-4.542319633631911e-06,-1.9222634845280776e-05,-0.4018065284562883,0.0576499600578807
6,calm,0.018726489211514874,0.050280268639306874,0.9195238002916412,0.016800161852149352,0.4477718109043949,-0.04727160335240401,0.007090508985124054,0.1916049954328076,-0.04727160335240401,-0.009709652867025298
7,high_volatility,0.034728871369247113,0.09958762717920823,0.8835571308146072,0.21996213312327392,2.55569482163982,-0.050170230571732866,0.21996213312327392,2.55569482163982,-0.050170230571732866,0.0
8,jump,0.06406648739017531,0.12884316613077482,0.9672144302291407,0.05407364656520884,0.8287608870798722,-0.07566935074865114,0.10777466513433571,1.5504124170645621,-0.0633338489938239,0.053701018569126874
9,weak_mean_reversion,0.05202162460987435,0.09260500309081238,0.9693170814862937,0.12110361753628965,1.3319115789143197,-0.06952321492678715,0.18998126154679396,2.1995524019862676,-0.05370170347491994,0.06887764401050431
10,stress,0.15109005856271035,0.3590037212654922,0.9644787436115859,-0.357686605117212,-1.8049556808315688,-0.36629519619444706,-0.3509693021506121,-1.5138554912444029,-0.4179571644848797,0.006717302966599892
11,calm,0.01909230259351478,0.04546703453431885,0.9296346020487931,0.023223576464206724,0.5194104621608977,-0.04130806572406027,0.023482573933024137,0.5372203036915019,-0.04130806572406027,0.00025899746881741237
12,high_volatility,0.048173325349195356,0.15952179859557156,0.9216549587011861,0.13827482867573587,1.5485714961867538,-0.07084452140161474,0.13827482867573587,1.5485714961867538,-0.07084452140161474,0.0
13,jump,0.09759949434520412,0.18277421843508962,0.9010028588166394,0.33502754249146544,1.150067635381413,-0.25938725166068055,0.3186469839822707,1.094648266698843,-0.25938725166068055,-0.01638055850919473
14,weak_mean_reversion,0.047005936639293984,0.10484392945458382,0.977085920891646,0.06852378075443825,0.9618632829230931,-0.12290600103216416,0.05627848000529097,0.8013656240439088,-0.12290600103216416,-0.012245300749147287
15,stress,0.17115211316002696,0.2983039615941485,0.9791200268139025,-0.4392071990157556,-1.9865816040964797,-0.5392436570559721,-0.4714395326968986,-1.9879797256694822,-0.5714759907371151,-0.03223233368114298
16,calm,0.020232641774629256,0.05980438602354125,0.9320371255431315,0.026904661821757086,0.5552218636603008,-0.05097973645480973,0.026904661821757086,0.5552218636603008,-0.05097973645480973,0.0
17,high_volatility,0.04329605481476169,0.13779206226074134,0.9303178952925446,-0.05641265538095941,-0.6192567011747403,-0.11374232615705654,-0.07810306312074874,-0.8957180708093342,-0.11374232615705654,-0.021690407739789336
18,jump,0.03486957778793932,0.10022817066136679,0.9374940923363082,-0.030968026887367866,-0.38121476342092864,-0.12498961058356729,-0.009875593192502936,-0.12931029431086352,-0.08616705584085055,0.02109243369486493
19,weak_mean_reversion,0.057056434937661625,0.10568250806059895,0.9797424445243849,0.01593294911702339,0.2241774423005752,-0.09023936181719991,0.023941624278601383,0.33729224775335853,-0.08223068665562192,0.008008675161577994
20,stress,0.2539264191560915,0.46571399216031223,0.9872407377801568,0.0944459355109571,0.34762412789921165,-0.41392657294157853,0.28482106669869417,1.2381590572957715,-0.22470555611432688,0.19037513118773708
21,calm,0.05485239857346785,0.10213551578727355,0.9869873337128817,0.14016172663368032,2.3927232663718287,-0.040668347370097724,0.1464469836810106,2.5087641386388224,-0.040668347370097724,0.006285257047330295
22,high_volatility,0.06115396274081722,0.1332404286575078,0.9662705318886063,-0.07749534844973686,-0.8471057914441454,-0.22195536399965757,-0.07629534844973686,-0.8339887668481947,-0.22195536399965757,0.0012000000000000066
23,jump,0.08717413628960698,0.19027169793600787,0.9577045060603189,-0.1297810552459977,-0.7958740435451651,-0.20878901365869534,-0.11428678411365518,-0.7026646742059995,-0.19329474252635281,0.015494271132342516
24,weak_mean_reversion,0.0618977178356112,0.12150196354080253,0.9865539806736936,-0.030010278709430436,-0.5406436028542883,-0.1244265185659987,-0.030010278709430436,-0.5406436028542883,-0.1244265185659987,0.0
25,stress,0.11493415509424243,0.29337222276200475,0.9581122348512945,0.1768015462542033,0.943436371876122,-0.21577838538618557,0.29707613269772054,1.8437453554838208,-0.13281506403387466,0.12027458644351724
26,calm,0.04684777674901304,0.0912779179920385,0.9825238787528856,-0.018406180239930275,-0.3392920430330406,-0.09895581992691063,-0.010910443836026611,-0.20207850525997267,-0.09146008352300697,0.007495736403903663
27,high_volatility,0.054694930754467394,0.11430373980759506,0.9477900364856995,0.04471732523878891,0.4320283037005468,-0.12280178919663123,0.04471732523878891,0.4320283037005468,-0.12280178919663123,0.0
28,jump,0.12976437226279222,0.25503843626422296,0.9657160766138085,0.2618949590692664,1.2396317693281973,-0.13286338809380738,0.22585302232457055,1.0710888119270259,-0.13286338809380738,-0.03604193674469586
29,weak_mean_reversion,0.029291783576882387,0.07122694242663177,0.9124499931110174,0.04747808057746203,0.5797968230157201,-0.085246414897078,0.052301540100153504,0.8052533454033594,-0.085246414897078,0.004823459522691476
30,stress,0.11277318437352742,0.25002109123412214,0.9710311924429246,-0.19347952088510456,-1.446148197899396,-0.29275556502873185,-0.15005356371864242,-1.1270692930304025,-0.25950085493972785,0.04342595716646214
