fold,asset_a,asset_b,abs_return_corr,return_corr,alpha,hedge_ratio,eg_stat,eg_pvalue,residual_adf_stat,residual_adf_pvalue,residual_adf_lag,asset_a_level_adf_pvalue,asset_a_diff_adf_pvalue,asset_b_level_adf_pvalue,asset_b_diff_adf_pvalue,asset_a_plausibly_i1,asset_b_plausibly_i1,estimated_half_life_days,eg_fdr_pvalue,eg_fdr_reject,passes_corr,passes_eg,passes_residual_adf,passes_i1,passes_all,screen_score
1,CVX,XOM,0.8410113854020987,0.8410113854020987,2.2666185436664437,0.5491981685104473,-4.15483872402207,0.004266003419905506,-4.154838724022055,3.948721547912593e-05,7,0.10464010366837795,3.829844000704112e-15,0.4225852984743431,9.224368601556978e-10,True,True,12.444421182254363,0.19197015389574776,False,True,True,True,True,False,0.658968229967735
1,AAPL,QQQ,0.863651572728898,0.863651572728898,-5.458267694442066,1.8142401032914504,-3.3078174268804927,0.05367040394361299,-3.3078174268805745,0.000953145257075947,9,0.746105116606026,5.723409759310373e-13,0.5790247913911133,3.6952898983277706e-14,True,True,24.904257987139893,0.3450240253517978,False,True,True,True,True,False,0.5109111562005446
1,BAC,SPY,0.7947507419400545,0.7947507419400545,2.3870136599262057,0.14096774652872282,-3.0384511499396125,0.10134609454420296,-3.0384511499396836,0.002352357386428764,10,0.058169683300412604,8.537988428962667e-11,0.06415340938195847,3.4382324055910803e-12,True,True,31.86339956251018,0.35789950620469213,False,True,False,True,True,False,0.36827642297625923
1,CVX,SPY,0.7311753523697015,0.7311753523697015,7.1661987826257585,-0.499850873433284,-3.253039709415158,0.06149655327110619,-3.2530397094152126,0.001150580795267449,7,0.10464010366837795,3.829844000704112e-15,0.06415340938195847,3.4382324055910803e-12,True,True,27.85929507304058,0.3459181121499723,False,True,True,True,True,False,0.34857685183525067
1,BAC,XOM,0.7171262732208636,0.7171262732208636,2.1468846409483304,0.26690274694333765,-2.928410682804749,0.12821783490724842,-2.928410682804758,0.003346811895891642,9,0.058169683300412604,8.537988428962667e-11,0.4225852984743431,9.224368601556978e-10,True,True,26.302748220549418,0.36061266067663617,False,True,False,True,True,False,0.3452456304332002
1,AAPL,SPY,0.7944067697908794,0.7944067697908794,-12.907396317479911,3.040827990453599,-3.1657468590146474,0.07584528673128617,-3.1657468590146656,0.0015457610315282747,9,0.746105116606026,5.723409759310373e-13,0.06415340938195847,3.4382324055910803e-12,True,True,34.58406820074584,0.35789950620469213,False,True,True,True,True,False,0.3408870837157077
1,QQQ,SPY,0.9332410927090782,0.9332410927090782,-4.294181280704057,1.709844554008382,-2.4490197754179635,0.30200331729559526,-2.4490197754183476,0.013829282057591591,13,0.5790247913911133,3.6952898983277706e-14,0.06415340938195847,3.4382324055910803e-12,True,True,46.30318467648692,0.4686258371828202,False,True,False,True,True,False,0.32685563837784454
1,BAC,CVX,0.7183697249479185,0.7183697249479185,0.8868002562394686,0.5221950739750818,-2.6061286993681003,0.2343676633440912,-2.606128699368133,0.008875865677859559,8,0.058169683300412604,8.537988428962667e-11,0.10464010366837795,3.829844000704112e-15,True,True,29.889379243403045,0.43943936877017103,False,True,False,True,True,False,0.28586894874726476
1,CVX,QQQ,0.5617876477579722,0.5617876477579722,6.900964581542159,-0.481222952479635,-3.866059577025605,0.011041970277700704,-3.8660595770256005,0.00012351968213045292,9,0.10464010366837795,3.829844000704112e-15,0.5790247913911133,3.6952898983277706e-14,True,True,20.68977003607852,0.24844433124826584,False,True,True,True,True,False,0.28033194408628115
1,JPM,SPY,0.7952410743925832,0.7952410743925832,2.0290284006182557,0.4441690392418546,-2.413658429786993,0.31841359627741805,-2.4136584297870054,0.015235516226970372,9,0.18481304754948863,1.8037682683393391e-10,0.06415340938195847,3.4382324055910803e-12,True,True,37.769898184911526,0.4776203944161271,False,True,False,True,True,False,0.2712088709732358
1,BAC,QQQ,0.6292719895774211,0.6292719895774211,3.7087241679013037,-0.10216094026842414,-3.4376269361009735,0.038339827526026916,-3.437626936100965,0.0006046439804022719,10,0.058169683300412604,8.537988428962667e-11,0.5790247913911133,3.6952898983277706e-14,True,True,25.744538881125425,0.3450240253517978,False,True,True,True,True,False,0.26819846436454703
1,SPY,XOM,0.7033330297424585,0.7033330297424585,6.474643594549661,-0.23340150113843094,-2.9398069740729555,0.1252155945234808,-2.9398069740729893,0.0032282686013537488,9,0.06415340938195847,3.4382324055910803e-12,0.4225852984743431,9.224368601556978e-10,True,True,33.71732033639543,0.36061266067663617,False,True,False,True,True,False,0.2573303744552426
1,KO,PEP,0.738729068583099,0.738729068583099,0.5076079311443721,0.6864431887428734,-2.4544424422944253,0.2995221318858706,-2.4544424422944595,0.01362410243748873,12,0.2437862080602342,1.0916777339729926e-13,0.009897483014841614,8.027758108658938e-13,True,False,35.503256208437875,0.4686258371828202,False,True,False,True,False,False,0.24038393485637627
1,JPM,XOM,0.7149952793863158,0.7149952793863158,4.057887358026087,0.11659223165692982,-2.5190908286369713,0.27071492979301076,-2.5190908286369824,0.01137768810820104,9,0.18481304754948863,1.8037682683393391e-10,0.4225852984743431,9.224368601556978e-10,True,True,34.161331071856395,0.45119154965501795,False,True,False,True,True,False,0.23574896614960628
1,BAC,MSFT,0.5744971756541435,0.5744971756541435,3.6665597870856477,-0.10193128604082273,-3.4570908639544866,0.03639351278403298,-3.457090863954481,0.0005641497619916469,10,0.058169683300412604,8.537988428962667e-11,0.0680676242929274,9.467950393797455e-16,True,True,24.367703792241784,0.3450240253517978,False,True,True,True,True,False,0.227200100173788
1,JPM,KO,0.6159765720391979,0.6159765720391979,2.27149090549144,0.6095553560887869,-2.719957509552735,0.19248300258946782,-2.7199575095527266,0.006352151124306269,9,0.18481304754948863,1.8037682683393391e-10,0.2437862080602342,1.0916777339729926e-13,True,True,28.667192728005382,0.393715232569366,False,True,False,True,True,False,0.20991964476347302
1,CVX,MSFT,0.52064753956643,0.52064753956643,5.909881144887031,-0.31640815731074534,-3.5668401660126894,0.026912524515438956,-3.5668401660126845,0.00037966515799392735,9,0.10464010366837795,3.829844000704112e-15,0.0680676242929274,9.467950393797455e-16,True,True,21.76329387655445,0.3450240253517978,False,True,True,True,True,False,0.19943146016374733
1,JPM,QQQ,0.6166788350671865,0.6166788350671865,4.047414989413376,0.08752740348616733,-2.75800248057843,0.17941364612226152,-2.758002480578394,0.005666300217237456,9,0.18481304754948863,1.8037682683393391e-10,0.5790247913911133,3.6952898983277706e-14,True,True,31.750269441216147,0.39218993673644387,False,True,False,True,True,False,0.18038589959064433
1,BAC,JPM,0.939798364696419,0.939798364696419,-1.1048947344995192,0.9493774914312674,-1.857903164672697,0.6011946264427951,-1.8579031646725226,0.060194522365300936,2,0.058169683300412604,8.537988428962667e-11,0.18481304754948863,1.8037682683393391e-10,True,True,53.30291779371348,0.7448800278659634,False,True,False,True,True,False,0.1712662739264349
1,MSFT,SPY,0.8630109959033964,0.8630109959033964,-8.997288643274336,2.481075334963563,-2.8188396060778653,0.15976390231131093,-2.8188396060780767,0.0047082448421289285,9,0.0680676242929274,9.467950393797455e-16,0.06415340938195847,3.4382324055910803e-12,True,True,57.75814605374794,0.3881265466730239,False,True,False,True,True,False,0.16804992239558392
1,BAC,KO,0.58676104356183,0.58676104356183,2.2314081546895714,0.2568903415293083,-3.029348094518718,0.1033931906813555,-3.0293480945187574,0.0024228743677965313,10,0.058169683300412604,8.537988428962667e-11,0.2437862080602342,1.0916777339729926e-13,True,True,31.853834369580163,0.35789950620469213,False,True,False,True,True,False,0.16036827313106145
1,MSFT,PEP,0.6052137409848267,0.6052137409848267,-4.642942523139151,2.0609134179865545,-2.5714448057735217,0.24849997802513618,-2.571444805773478,0.00980676195506616,7,0.0680676242929274,9.467950393797455e-16,0.009897483014841614,8.027758108658938e-13,True,False,30.891941174765204,0.4472999604452451,False,True,False,True,False,False,0.16014298871258792
1,JPM,MSFT,0.56900057660975,0.56900057660975,4.296466015915035,0.04333777049606984,-2.8057068059916954,0.16387565303972118,-2.805706805991724,0.004901587661260174,9,0.18481304754948863,1.8037682683393391e-10,0.0680676242929274,9.467950393797455e-16,True,True,31.306029541678605,0.3881265466730239,False,True,False,True,True,False,0.1385219996588048
1,BAC,PEP,0.5127150471076133,0.5127150471076133,3.402282808317164,-0.04978382248247144,-3.3084161882219885,0.0535895799717792,-3.3084161882219694,0.0009511739589393029,10,0.058169683300412604,8.537988428962667e-11,0.009897483014841614,8.027758108658938e-13,True,False,27.617242834092174,0.3450240253517978,False,True,True,True,False,False,0.13284517636936433
1,QQQ,XOM,0.5329913744766369,0.5329913744766369,7.510840063646334,-0.5900624721260839,-3.0769784537179703,0.09302088438894462,-3.0769784537179463,0.002074414560215054,10,0.5790247913911133,3.6952898983277706e-14,0.4225852984743431,9.224368601556978e-10,True,True,31.587314593607243,0.35789950620469213,False,True,True,True,True,False,0.10933349376711388
1,JPM,PEP,0.5266975559128916,0.5266975559128916,3.250291663143779,0.2729488320581297,-2.816728285971074,0.1604201171804333,-2.816728285971119,0.004738851191785457,13,0.18481304754948863,1.8037682683393391e-10,0.009897483014841614,8.027758108658938e-13,True,False,31.83873201800309,0.3881265466730239,False,True,False,True,False,False,0.09092450149259645
1,CVX,PEP,0.4594041709204719,0.4594041709204719,6.424735493071844,-0.44471307557683515,-3.0745543403881204,0.09352873985669635,-3.0745543403880085,0.0020909637728409912,7,0.10464010366837795,3.829844000704112e-15,0.009897483014841614,8.027758108658938e-13,True,False,30.522160797478538,0.35789950620469213,False,True,True,True,False,False,0.0463945183297107
1,PEP,SPY,0.7165429064271044,0.7165429064271044,-1.174571819626279,1.035640042102492,-2.152523804352322,0.4489637153603193,-2.152523804352301,0.03009301486458905,4,0.009897483014841614,8.027758108658938e-13,0.06415340938195847,3.4382324055910803e-12,False,True,49.98703935829695,0.6129547748336734,False,True,False,True,False,False,0.02676747742111507
1,MSFT,XOM,0.4588786184228282,0.4588786184228282,8.448774218059114,-0.9384807309063338,-2.747322044656947,0.18302197047700713,-2.747322044656891,0.005851714202387782,9,0.0680676242929274,9.467950393797455e-16,0.4225852984743431,9.224368601556978e-10,True,True,32.329452138177885,0.39218993673644387,False,True,False,True,True,False,0.01675677317963864
1,CVX,KO,0.5544859657900013,0.5544859657900013,4.748685696706762,-0.10098440173686846,-2.5246410385075397,0.26831106434772034,-2.5246410385075446,0.011201135116489453,7,0.10464010366837795,3.829844000704112e-15,0.2437862080602342,1.0916777339729926e-13,True,True,44.85434348433777,0.45119154965501795,False,True,False,True,True,False,-0.03165516097317961
1,AAPL,CVX,0.4569469212324241,0.4569469212324241,10.97805034578631,-1.581908061772373,-2.6158110708499636,0.23050840002278583,-2.615811070849988,0.008630556843048857,9,0.746105116606026,5.723409759310373e-13,0.10464010366837795,3.829844000704112e-15,True,True,37.281644252716916,0.43943936877017103,False,True,False,True,True,False,-0.04942744329440618
1,AAPL,XOM,0.43913273124878455,0.43913273124878455,8.400691523649277,-1.1309760494449828,-2.974062629573364,0.1165002465112362,-2.9740626295733503,0.0028947953349658683,10,0.746105116606026,5.723409759310373e-13,0.4225852984743431,9.224368601556978e-10,True,True,40.55518993722387,0.36061266067663617,False,False,False,True,True,False,-0.07518192539343821
1,PEP,XOM,0.4604819012989693,0.4604819012989693,5.747548431382041,-0.298079409707067,-2.151492771263083,0.4495001682113605,-2.1514927712631136,0.030170319120623405,13,0.009897483014841614,8.027758108658938e-13,0.4225852984743431,9.224368601556978e-10,False,True,39.15459589103415,0.6129547748336734,False,True,False,True,False,False,-0.12098455388559887
1,PEP,QQQ,0.637102852865876,0.637102852865876,1.7350271210361512,0.5468116240611295,-1.8352305299933431,0.6124569118009032,-1.835230529993395,0.06328116178660148,7,0.009897483014841614,8.027758108658938e-13,0.5790247913911133,3.6952898983277706e-14,False,True,52.4914691504162,0.7448800278659634,False,True,False,True,False,False,-0.12393207935539535
1,KO,SPY,0.6957968327730722,0.6957968327730722,-0.2604502922959755,0.7040553294797649,-1.7615089605360055,0.6482231131302072,-1.7615089605360543,0.07420598249200432,15,0.2437862080602342,1.0916777339729926e-13,0.06415340938195847,3.4382324055910803e-12,True,True,59.10652675637824,0.7534511838348283,False,True,False,True,True,False,-0.13614498643955952
1,KO,MSFT,0.4932702829147563,0.4932702829147563,2.5501326848870356,0.23058441839124597,-2.2137052000897954,0.417307683267071,-2.213705200089797,0.025798677026023495,12,0.2437862080602342,1.0916777339729926e-13,0.0680676242929274,9.467950393797455e-16,True,True,44.42298708229471,0.6057692176457482,False,True,False,True,True,False,-0.13785008860712
1,KO,XOM,0.5654464787165671,0.5654464787165671,4.095930876850854,-0.11176334702471445,-1.9737355463074853,0.542200761836338,-1.9737355463074926,0.04627497709190725,13,0.2437862080602342,1.0916777339729926e-13,0.4225852984743431,9.224368601556978e-10,True,True,48.615746160272444,0.7176186553716238,False,True,False,True,True,False,-0.14525157491602597
1,KO,QQQ,0.5347719924101597,0.5347719924101597,2.069426298812668,0.30461292323135625,-1.8995860718954347,0.5802167931842318,-1.8995860718954494,0.05483832595863734,12,0.2437862080602342,1.0916777339729926e-13,0.5790247913911133,3.6952898983277706e-14,True,True,55.73384817326386,0.7448800278659634,False,True,False,True,True,False,-0.25699816287399535
1,MSFT,QQQ,0.9278999116336067,0.9278999116336067,-2.903149874802188,1.4771787043406261,-1.7514493856976325,0.6529910259901845,-1.7514493856976177,0.07580609019077503,12,0.0680676242929274,9.467950393797455e-16,0.5790247913911133,3.6952898983277706e-14,True,True,153.71080172229003,0.7534511838348283,False,True,False,True,True,False,-0.3132966615549967
1,AAPL,MSFT,0.7703321301521147,0.7703321301521147,-1.374853778879866,1.1211907561061565,-1.5081473031026142,0.7580546834891457,-1.5081473031026242,0.1233356725331663,1,0.746105116606026,5.723409759310373e-13,0.0680676242929274,9.467950393797455e-16,True,True,88.26812052472206,0.8320112379758917,False,True,False,False,True,False,-0.3866195809945068
1,CVX,JPM,0.7432984005495191,0.7432984005495191,1.514575683022148,0.6355400996280649,-1.609382344226933,0.7169135689020267,-1.6093823442268615,0.10141586781981521,8,0.10464010366837795,3.829844000704112e-15,0.18481304754948863,1.8037682683393391e-10,True,True,92.12165259631992,0.8065277650147801,False,True,False,False,True,False,-0.44015962848207724
1,AAPL,PEP,0.5344006599800987,0.5344006599800987,-5.765702519274117,2.133603481573618,-1.3621029750982467,0.8102078702221152,-1.3621029750981541,0.1607645683389215,20,0.746105116606026,5.723409759310373e-13,0.009897483014841614,8.027758108658938e-13,True,False,94.89345226801355,0.8680798609522662,False,True,False,False,False,False,-0.7071107346535009
1,AAPL,BAC,0.5294824060543235,0.5294824060543235,6.057359115161191,-0.632050783062731,-0.43219659047935327,0.9688231002845352,-0.4321965904793867,0.5237655420342594,9,0.746105116606026,5.723409759310373e-13,0.058169683300412604,8.537988428962667e-11,True,True,411.39069115458125,0.9908418071091838,False,True,False,False,True,False,-0.8725232444852835
1,AAPL,KO,0.4299657616122199,0.4299657616122199,-2.749141265721202,1.8550364368386587,-0.7929518448240804,0.9356237066194468,-0.7929518448239382,0.3734778844781924,5,0.746105116606026,5.723409759310373e-13,0.2437862080602342,1.0916777339729926e-13,True,True,279.03775370787434,0.9791410883226769,False,False,False,False,True,False,-0.9384721417802216
1,AAPL,JPM,0.5148662052854475,0.5148662052854475,1.7853207587514868,0.5029508812292163,0.5558457637961185,0.9929873601644313,0.5558457637960421,0.8373898338719612,3,0.746105116606026,5.723409759310373e-13,0.18481304754948863,1.8037682683393391e-10,True,True,inf,0.9929873601644313,False,True,False,False,True,False,-0.9505079695382741
2,CVX,XOM,0.8455677467671524,0.8455677467671524,2.22713286119102,0.5621024114531186,-3.8781148432312693,0.01063089690957246,-3.8781148432312933,0.00011790498518004131,7,0.292296211702809,8.502908051575127e-19,0.7540792349174821,7.083832435268926e-14,True,True,16.968946356066663,0.47839036093076065,False,True,True,True,True,False,0.5323375939302215
2,KO,PEP,0.7339315044464076,0.7339315044464076,0.5055113938951041,0.6870212019320117,-3.0286509592708444,0.10355124000628946,-3.0286509592708493,0.0024283544714571305,12,0.0890940299584706,1.040856369834822e-16,0.004408721399728011,1.4096608554409525e-15,True,False,33.748011845925376,0.8659497584570729,False,True,False,True,False,False,0.13618078755574065
2,BAC,JPM,0.9343261555572911,0.9343261555572911,-1.2118659066167097,0.9725780722800489,-2.111025123796631,0.47060538657490236,-2.111025123796626,0.033341038735969046,2,0.538964619471408,2.580144857142199e-14,0.47028800323373854,1.677830730099036e-13,True,True,59.22741195327585,0.8659497584570729,False,True,False,True,True,False,0.07559890074021702
2,AAPL,QQQ,0.8528416802517369,0.8528416802517369,-4.150913812304893,1.562233464892841,-2.6469529439250303,0.21923463920717545,-2.6469529439250157,0.007882311927707067,2,0.38516902871671344,9.802056914181047e-17,0.2718001409421449,1.4639203149303314e-17,True,True,55.85657099243072,0.8659497584570729,False,True,False,True,True,False,0.03291458040476647
2,MSFT,PEP,0.5797906964031904,0.5797906964031904,-6.348848249597784,2.4383470583838123,-3.294287490433742,0.05552346781407433,-3.2942874904338932,0.0009987231685373939,9,0.010075450687774688,1.092662028214518e-18,0.004408721399728011,1.4096608554409525e-15,False,False,29.377173343658306,0.8659497584570729,False,True,True,True,False,False,0.02603429079577796
2,CVX,SPY,0.7035636207024911,0.7035636207024911,4.296506015393214,0.016482474231081068,-2.683091742350304,0.2057187230048173,-2.683091742350311,0.0070875969215102985,7,0.292296211702809,8.502908051575127e-19,0.19666294564090975,8.029965972490255e-16,True,True,52.02540837007651,0.8659497584570729,False,True,False,True,True,False,-0.07789290991969788
2,CVX,JPM,0.7252234226757743,0.7252234226757743,3.2148902874667837,0.25506672532638763,-2.5678281953215336,0.25000090434943106,-2.5678281953215576,0.009908692265402206,8,0.292296211702809,8.502908051575127e-19,0.47028800323373854,1.677830730099036e-13,True,True,57.59061999248605,0.8659497584570729,False,True,False,True,True,False,-0.1124494432392884
2,KO,SPY,0.6711504381860662,0.6711504381860662,0.9317857720615295,0.48913653319582673,-2.254647578590936,0.3963878542032108,-2.254647578590885,0.023228823007183277,12,0.0890940299584706,1.040856369834822e-16,0.19666294564090975,8.029965972490255e-16,True,True,52.64012370488251,0.8659497584570729,False,True,False,True,True,False,-0.11968149100131742
2,JPM,SPY,0.7627244074585945,0.7627244074585945,-0.4425195685211762,0.8894761299191007,-2.055526032647586,0.49962130576496533,-2.055526032647626,0.03814514814850398,5,0.47028800323373854,1.677830730099036e-13,0.19666294564090975,8.029965972490255e-16,True,True,64.98955300855265,0.8659497584570729,False,True,False,True,True,False,-0.1545850797937547
2,QQQ,SPY,0.9239994878952894,0.9239994878952894,-3.1316397370550497,1.5007467031813033,-2.0319763789619594,0.511921255451446,-2.031976378961955,0.040352790594055186,13,0.2718001409421449,1.4639203149303314e-17,0.19666294564090975,8.029965972490255e-16,True,True,84.25937779253535,0.8659497584570729,False,True,False,True,True,False,-0.18644977568599708
2,AAPL,MSFT,0.7564808214004582,0.7564808214004582,-1.5111678624018328,1.1510903129231773,-2.4593698777918838,0.2972759436283049,-2.459369877791887,0.013440001577406739,10,0.38516902871671344,9.802056914181047e-17,0.010075450687774688,1.092662028214518e-18,True,False,69.32754095069438,0.8659497584570729,False,True,False,True,False,False,-0.19926751595908881
2,PEP,QQQ,0.6047003591560525,0.6047003591560525,2.1739661647180597,0.46182270723814056,-2.056283157331334,0.4992255718356061,-2.056283157331323,0.0380758895007261,7,0.004408721399728011,1.4096608554409525e-15,0.2718001409421449,1.4639203149303314e-17,False,True,53.84512776679268,0.8659497584570729,False,True,False,True,False,False,-0.20115102394914136
2,KO,MSFT,0.47350692624451446,0.47350692624451446,2.524096168276753,0.23599102560671073,-2.684706074041959,0.20512741982795346,-2.684706074041948,0.007053847015229642,12,0.0890940299584706,1.040856369834822e-16,0.010075450687774688,1.092662028214518e-18,True,False,41.97715312797988,0.8659497584570729,False,True,False,True,False,False,-0.20746030197545215
2,PEP,SPY,0.6922774402326732,0.6922774402326732,0.640786811053404,0.708388192677504,-1.9587493411310197,0.5499426593087161,-1.9587493411311934,0.04791025316735924,4,0.004408721399728011,1.4096608554409525e-15,0.19666294564090975,8.029965972490255e-16,False,True,64.65240987010716,0.8659497584570729,False,True,False,True,False,False,-0.22361363663899209
2,CVX,QQQ,0.5120636846971753,0.5120636846971753,4.784271266614665,-0.07315069523659497,-2.6869647417709626,0.2043019030110908,-2.6869647417709572,0.007006869946123865,7,0.292296211702809,8.502908051575127e-19,0.2718001409421449,1.4639203149303314e-17,True,True,49.552722202035454,0.8659497584570729,False,True,False,True,True,False,-0.24464983884952585
2,CVX,KO,0.5151056601566869,0.5151056601566869,4.025511346535317,0.09829896435833364,-2.654919219714804,0.21620954604782727,-2.6549192197148055,0.007700535596603757,7,0.292296211702809,8.502908051575127e-19,0.0890940299584706,1.040856369834822e-16,True,True,53.381894177642074,0.8659497584570729,False,True,False,True,True,False,-0.2800383162761764
2,CVX,MSFT,0.46458406980635436,0.46458406980635436,4.758733277129064,-0.07343366583408746,-2.651416680709399,0.21753642083995267,-2.651416680709419,0.007779986967791572,7,0.292296211702809,8.502908051575127e-19,0.010075450687774688,1.092662028214518e-18,True,False,48.95440302773431,0.8659497584570729,False,True,False,True,False,False,-0.2863008854016689
2,KO,QQQ,0.5024161807534497,0.5024161807534497,2.1026815222391235,0.2980548740101553,-2.3090960845960455,0.3690228049923988,-2.3090960845959874,0.020156227969309368,12,0.0890940299584706,1.040856369834822e-16,0.2718001409421449,1.4639203149303314e-17,True,True,52.49481378641247,0.8659497584570729,False,True,False,True,True,False,-0.2863481302416587
2,BAC,SPY,0.7553723339985196,0.7553723339985196,-1.3241063052242539,0.80904802712326,-1.9051295358422518,0.5774029426067592,-1.9051295358422558,0.05415623745092011,5,0.538964619471408,2.580144857142199e-14,0.19666294564090975,8.029965972490255e-16,True,True,78.77040541722788,0.8661044139101388,False,True,False,True,True,False,-0.30299429183698495
2,CVX,PEP,0.42426912555054574,0.42426912555054574,4.841741009408624,-0.09686827356684702,-2.7018924068983425,0.19889878252028514,-2.701892406898319,0.006703437526183571,7,0.292296211702809,8.502908051575127e-19,0.004408721399728011,1.4096608554409525e-15,True,False,49.67285269180201,0.8659497584570729,False,False,False,True,False,False,-0.33358501640983285
2,MSFT,QQQ,0.9134251646097816,0.9134251646097816,-2.0238098069344064,1.307174932141662,-2.0641860068231317,0.4950942029586057,-2.06418600682305,0.03735925634516216,8,0.010075450687774688,1.092662028214518e-18,0.2718001409421449,1.4639203149303314e-17,False,True,114.57035640005896,0.8659497584570729,False,True,False,True,False,False,-0.35383161419637266
2,JPM,KO,0.5646426107335495,0.5646426107335495,-0.27195486698439286,1.3156103265907648,-2.3766124174381047,0.3360103833852851,-2.3766124174381145,0.01684242625527873,5,0.47028800323373854,1.677830730099036e-13,0.0890940299584706,1.040856369834822e-16,True,True,67.03323891211882,0.8659497584570729,False,True,False,True,True,False,-0.3688431911758163
2,AAPL,PEP,0.5047714006528082,0.5047714006528082,-8.344784366436809,2.7049942984205977,-2.047787183261333,0.5036653883749012,-2.047787183261319,0.038859154772391234,20,0.38516902871671344,9.802056914181047e-17,0.004408721399728011,1.4096608554409525e-15,True,False,61.74540837310086,0.8659497584570729,False,True,False,True,False,False,-0.3802394415698005
2,AAPL,SPY,0.7764728779511622,0.7764728779511622,-8.76855958740379,2.296130767385225,-2.186246660311315,0.43146674884940994,-2.1862466603113,0.027656094693520927,10,0.38516902871671344,9.802056914181047e-17,0.19666294564090975,8.029965972490255e-16,True,True,91.8216205377203,0.8659497584570729,False,True,False,True,True,False,-0.40705947390186703
2,MSFT,SPY,0.8443385336603602,0.8443385336603602,-5.980843352627678,1.9376839177954088,-2.4596924132016196,0.29712919555450745,-2.459692413201766,0.013428028029436729,9,0.010075450687774688,1.092662028214518e-18,0.19666294564090975,8.029965972490255e-16,False,True,100.15408601411906,0.8659497584570729,False,True,False,True,False,False,-0.418131999482649
2,JPM,QQQ,0.557103376772346,0.557103376772346,1.8361205302403167,0.5142747570589392,-1.9429875071958975,0.5580565110056692,-1.9429875071958904,0.049681361022707565,7,0.47028800323373854,1.677830730099036e-13,0.2718001409421449,1.4639203149303314e-17,True,True,72.60825861443591,0.8659497584570729,False,True,False,True,True,False,-0.4387004091136765
2,BAC,QQQ,0.5583155362127972,0.5583155362127972,0.878995986978325,0.44355554371917205,-2.0143812029754815,0.5210948046849029,-2.0143812029754806,0.042071171360023876,10,0.538964619471408,2.580144857142199e-14,0.2718001409421449,1.4639203149303314e-17,True,True,85.53630734963384,0.8659497584570729,False,True,False,True,True,False,-0.5652466990926679
2,JPM,MSFT,0.5023270758849259,0.5023270758849259,2.821201676608092,0.35580343909002815,-1.9734151419441825,0.5423665392602879,-1.9734151419441803,0.046309449457676954,7,0.47028800323373854,1.677830730099036e-13,0.010075450687774688,1.092662028214518e-18,True,False,81.33582822558125,0.8659497584570729,False,True,False,True,False,False,-0.5800780237995439
2,JPM,PEP,0.47406194987756517,0.47406194987756517,0.33331126053464033,0.9166754996073995,-2.084956266414159,0.48423291073857316,-2.084956266414191,0.03552972334521966,0,0.47028800323373854,1.677830730099036e-13,0.004408721399728011,1.4096608554409525e-15,True,False,79.4303217836675,0.8659497584570729,False,True,False,True,False,False,-0.5871321401652756
2,BAC,CVX,0.7068572082329617,0.7068572082329617,-0.10861681499537182,0.7694165805186847,-0.7671794319221167,0.938882353568253,-0.7671794319221102,0.3843124307732809,11,0.538964619471408,2.580144857142199e-14,0.292296211702809,8.502908051575127e-19,True,True,196.69932512097347,0.9748520283346966,False,True,False,False,True,False,-0.6624608864221034
2,BAC,XOM,0.700213870406243,0.700213870406243,1.990435789677979,0.33231859567866523,-0.7687976766494089,0.9386825272186686,-0.7687976766494612,0.3836315596720537,9,0.538964619471408,2.580144857142199e-14,0.7540792349174821,7.083832435268926e-14,True,True,225.77675160447671,0.9748520283346966,False,True,False,False,True,False,-0.6689680500285766
2,BAC,KO,0.5304581547654326,0.5304581547654326,-0.8424557774478936,1.1086144578843204,-1.6846001657584935,0.6839010760694513,-1.6846001657585161,0.0871401100949174,11,0.538964619471408,2.580144857142199e-14,0.0890940299584706,1.040856369834822e-16,True,True,90.3773326223394,0.9325923764583427,False,True,False,True,True,False,-0.6705209064144477
2,JPM,XOM,0.6868369954978446,0.6868369954978446,3.958032318474097,0.1687550439726769,-0.5415560406639061,0.9612381352079544,-0.5415560406638624,0.47896861650018935,18,0.47028800323373854,1.677830730099036e-13,0.7540792349174821,7.083832435268926e-14,True,True,203.51007615107648,0.9748520283346966,False,True,False,False,True,False,-0.7014123363026022
2,BAC,MSFT,0.4964671488641132,0.4964671488641132,1.807416984781638,0.29117917354824985,-2.020592105317017,0.5178586514097784,-2.020592105317012,0.04145775661227264,10,0.538964619471408,2.580144857142199e-14,0.010075450687774688,1.092662028214518e-18,True,False,93.95213510100682,0.8659497584570729,False,True,False,True,False,False,-0.7111306810055313
2,SPY,XOM,0.6566898050388396,0.6566898050388396,6.321632551342309,-0.16742050099884648,-0.5407871450906186,0.9612978866643536,-0.540787145090697,0.4792873094071154,9,0.19666294564090975,8.029965972490255e-16,0.7540792349174821,7.083832435268926e-14,True,True,512.858193078666,0.9748520283346966,False,True,False,False,True,False,-0.7316232653429925
2,AAPL,KO,0.40369675719433434,0.40369675719433434,-7.0929193934379855,3.0630896239178553,-1.856358621247465,0.6019653672739963,-1.8563586212474625,0.060400856303312864,12,0.38516902871671344,9.802056914181047e-17,0.0890940299584706,1.040856369834822e-16,True,True,91.90896043671619,0.8687923436959394,False,False,False,True,True,False,-0.788110721542272
2,BAC,PEP,0.4569453394317632,0.4569453394317632,-0.22907760435087823,0.7502829503952464,-1.8243761901606002,0.6178078888504458,-1.8243761901605589,0.0648033267205798,0,0.538964619471408,2.580144857142199e-14,0.004408721399728011,1.4096608554409525e-15,True,False,97.23207456910323,0.8687923436959394,False,True,False,True,False,False,-0.7889737747121669
2,KO,XOM,0.5024346869747736,0.5024346869747736,4.01047717654851,-0.07839612337184135,-1.3425595877105925,0.8165235830583174,-1.3425595877106697,0.16631068776110458,13,0.0890940299584706,1.040856369834822e-16,0.7540792349174821,7.083832435268926e-14,True,True,101.63047681440925,0.9748520283346966,False,True,False,False,True,False,-0.8232830590778564
2,AAPL,JPM,0.4552546188013285,0.4552546188013285,-3.722434344111764,1.734154674333678,-1.5262616650162262,0.750984686750146,-1.5262616650162169,0.11917757078032964,5,0.38516902871671344,9.802056914181047e-17,0.47028800323373854,1.677830730099036e-13,True,True,146.9813938872471,0.9748520283346966,False,True,False,False,True,False,-0.8610365038551464
2,AAPL,BAC,0.4543537343376844,0.4543537343376844,-0.2921199181969325,1.3947270933268257,-1.3863618652435836,0.8021497737045595,-1.3863618652435674,0.15405842048673846,5,0.38516902871671344,9.802056914181047e-17,0.538964619471408,2.580144857142199e-14,True,True,212.5732856553047,0.9748520283346966,False,True,False,False,True,False,-0.8689135582600722
2,QQQ,XOM,0.46555241711028955,0.46555241711028955,7.294207541525436,-0.4951971436718462,-0.5253694435525326,0.9624756817488291,-0.5253694435525507,0.4856679289667798,9,0.2718001409421449,1.4639203149303314e-17,0.7540792349174821,7.083832435268926e-14,True,True,499.9807689644992,0.9748520283346966,False,True,False,False,True,False,-0.9240367771834754
2,PEP,XOM,0.4045525159305142,0.4045525159305142,5.602249007738845,-0.2441955464523837,-0.5908745090273653,0.9571960986859657,-0.5908745090273141,0.45844121123510556,13,0.004408721399728011,1.4096608554409525e-15,0.7540792349174821,7.083832435268926e-14,False,True,171.4466945849753,0.9748520283346966,False,False,False,False,False,False,-0.9795913348169158
2,AAPL,CVX,0.403714812241131,0.403714812241131,8.376549167289834,-0.9359835917397075,-0.32185983803044405,0.9748520283346966,-0.3218598380305325,0.5675832295577289,9,0.38516902871671344,9.802056914181047e-17,0.292296211702809,8.502908051575127e-19,True,True,698.8619146613265,0.9748520283346966,False,False,False,False,True,False,-1.0022574421708237
2,MSFT,XOM,0.38724097233553906,0.38724097233553906,8.051222313537354,-0.787702141420266,-0.5218482644495158,0.9627393072466152,-0.5218482644495978,0.48712248645957784,9,0.010075450687774688,1.092662028214518e-18,0.7540792349174821,7.083832435268926e-14,False,True,407.14725626697617,0.9748520283346966,False,False,False,False,False,False,-1.0026391334567855
2,AAPL,XOM,0.3681076345876885,0.3681076345876885,8.103116309078537,-0.9967899128108966,-0.4630103291404158,0.9668631180647133,-0.4630103291404183,0.5112626213892183,13,0.38516902871671344,9.802056914181047e-17,0.7540792349174821,7.083832435268926e-14,True,True,640.882261406927,0.9748520283346966,False,False,False,False,True,False,-1.026600498190564
3,KO,PEP,0.75031029045863,0.75031029045863,0.19293001565658174,0.7551915069909203,-3.290017077696083,0.05611905940931406,-3.290017077696088,0.0010135272713849169,13,0.03816780503270933,8.813287823533981e-20,0.00028501197989656276,1.549496912820647e-18,False,False,39.13275366103214,0.9185887271498435,False,True,True,True,False,False,0.0832034302490785
3,CVX,XOM,0.850169269206306,0.850169269206306,1.4620009020402716,0.7665830815031329,-2.5684476070736904,0.24974348146213154,-2.5684476070736846,0.009891167839680148,7,0.6187266404221801,4.69493780598058e-22,0.9333269227470342,1.7823387148821918e-22,True,True,54.913482537224795,0.9185887271498435,False,True,False,True,True,False,0.023479592121168902
3,AAPL,MSFT,0.7724083729362106,0.7724083729362106,-1.783125889482348,1.2092187552311702,-2.567826664203199,0.25000154085557236,-2.567826664203175,0.009908735618257442,10,0.8150883454198578,4.9291890736013044e-20,0.9371171053859767,3.0684714534353016e-22,True,True,68.27329444031926,0.9185887271498435,False,True,False,True,True,False,-0.18788293673558665
3,JPM,SPY,0.7504686615441857,0.7504686615441857,0.1262963462073575,0.7864190845956937,-2.310094536616457,0.36852665963876263,-2.310094536616439,0.020103356064313786,6,0.4659600648022534,8.372334059645933e-18,0.37199886611839383,2.1700893418051197e-19,True,True,67.76196400591313,0.9185887271498435,False,True,False,True,True,False,-0.20674826787276146
3,AAPL,SPY,0.8020791850607982,0.8020791850607982,-9.195086423605348,2.37420045838355,-2.6011623000525104,0.23636188046481055,-2.6011623000525117,0.009004104729587813,9,0.8150883454198578,4.9291890736013044e-20,0.37199886611839383,2.1700893418051197e-19,True,True,80.52338869032707,0.9185887271498435,False,True,False,True,True,False,-0.2805321409333431
3,BAC,JPM,0.9283175470890376,0.9283175470890376,-1.5271215166624847,1.0451864520869563,-1.9486823242888454,0.5551285673544213,-1.9486823242888205,0.04903532959501351,2,0.3730018954504239,1.4275675055521443e-19,0.4659600648022534,8.372334059645933e-18,True,True,92.47153495035397,0.9185887271498435,False,True,False,True,True,False,-0.2817814864784579
3,BAC,SPY,0.7452262906863394,0.7452262906863394,-1.5095190452218081,0.8419020102726275,-2.4167398759082106,0.316968103517684,-2.4167398759081773,0.01510814784350592,0,0.3730018954504239,1.4275675055521443e-19,0.37199886611839383,2.1700893418051197e-19,True,True,75.11869743468267,0.9185887271498435,False,True,False,True,True,False,-0.2845589313741416
3,MSFT,SPY,0.8531293823521671,0.8531293823521671,-5.8714404271474985,1.9184125783325991,-2.89736845168653,0.13665926830826525,-2.89736845168677,0.003690277914569784,9,0.9371171053859767,3.0684714534353016e-22,0.37199886611839383,2.1700893418051197e-19,True,True,86.2057142758132,0.9185887271498435,False,True,False,True,True,False,-0.2852424341338319
3,QQQ,SPY,0.9345885690147695,0.9345885690147695,-2.600725888355381,1.4048243474298365,-1.5820209339531286,0.7284185917001643,-1.5820209339530777,0.10702702146505422,13,0.9343622989256961,5.900398386145276e-21,0.37199886611839383,2.1700893418051197e-19,True,True,137.4307928339885,0.9185887271498435,False,True,False,False,True,False,-0.3623934534231944
3,MSFT,QQQ,0.9096448591218766,0.9096448591218766,-2.2893736493087053,1.359990736015922,-1.8188045281776384,0.6205438826330243,-1.8188045281776755,0.06559601650892635,0,0.9371171053859767,3.0684714534353016e-22,0.9343622989256961,5.900398386145276e-21,True,True,132.29798316892067,0.9185887271498435,False,True,False,True,True,False,-0.3790509623248617
3,JPM,QQQ,0.5655660052652927,0.5655660052652927,1.8830595486070496,0.5046532644462637,-2.4036618758647386,0.32312259113786657,-2.403661875864737,0.015655249375863132,7,0.4659600648022534,8.372334059645933e-18,0.9343622989256961,5.900398386145276e-21,True,True,67.65521324266193,0.9185887271498435,False,True,False,True,True,False,-0.3896937951814523
3,MSFT,PEP,0.5555830908039574,0.5555830908039574,-4.2829017984445095,1.9891482261164792,-1.8909008256791775,0.5846146793829899,-1.8909008256791737,0.0559210766319096,5,0.9371171053859767,3.0684714534353016e-22,0.00028501197989656276,1.549496912820647e-18,True,False,67.88936800862794,0.9185887271498435,False,True,False,True,False,False,-0.41007142275365693
3,AAPL,QQQ,0.8630095089351181,0.8630095089351181,-4.722280646465426,1.6758309538687495,-1.5234630131130826,0.7520854668347396,-1.5234630131131248,0.1198131700094674,9,0.8150883454198578,4.9291890736013044e-20,0.9343622989256961,5.900398386145276e-21,True,True,134.94368782565925,0.9185887271498435,False,True,False,False,True,False,-0.43652974321172844
3,BAC,QQQ,0.5696259438266079,0.5696259438266079,0.5129149346199707,0.5142810138002973,-2.3673012630279096,0.3404940379957031,-2.367301263027913,0.01726898899885636,7,0.3730018954504239,1.4275675055521443e-19,0.9343622989256961,5.900398386145276e-21,True,True,79.88069986465676,0.9185887271498435,False,True,False,True,True,False,-0.5082114707646841
3,JPM,MSFT,0.5066173703360498,0.5066173703360498,2.916196527740963,0.33528445424651154,-2.4957850524682237,0.2809311030694572,-2.49578505246822,0.012146387760776577,7,0.4659600648022534,8.372334059645933e-18,0.9371171053859767,3.0684714534353016e-22,True,True,74.86991135404,0.9185887271498435,False,True,False,True,True,False,-0.5200876389014586
3,AAPL,PEP,0.5104636800797017,0.5104636800797017,-7.080233905032474,2.430279157643165,-1.884581316876382,0.5878061272957794,-1.8845813168763879,0.05671979946874701,7,0.8150883454198578,4.9291890736013044e-20,0.00028501197989656276,1.549496912820647e-18,True,False,82.91538960531201,0.9185887271498435,False,True,False,True,False,False,-0.6056107940121209
3,KO,MSFT,0.46611413033491983,0.46611413033491983,2.173629654877348,0.3105306783092412,-1.972664797962119,0.5427547257245391,-1.972664797962129,0.04639026232938729,12,0.03816780503270933,8.813287823533981e-20,0.9371171053859767,3.0684714534353016e-22,False,True,78.90165682617521,0.9185887271498435,False,True,False,True,False,False,-0.6077571085376628
3,BAC,MSFT,0.5075246313947035,0.5075246313947035,1.569816797577341,0.3408907283056492,-2.4598333290039758,0.29706509215001625,-2.4598333290039567,0.013422799748081802,7,0.3730018954504239,1.4275675055521443e-19,0.9371171053859767,3.0684714534353016e-22,True,True,84.35083081887824,0.9185887271498435,False,True,False,True,True,False,-0.6142448548886483
3,PEP,SPY,0.6692081452625546,0.6692081452625546,-0.07027043518056843,0.8374439411014654,-1.5379071016346058,0.7463712036955668,-1.5379071016343,0.11655942616988108,0,0.00028501197989656276,1.549496912820647e-18,0.37199886611839383,2.1700893418051197e-19,False,True,129.78447263326944,0.9185887271498435,False,True,False,False,False,False,-0.6296803581163747
3,KO,SPY,0.6520865686548731,0.6520865686548731,0.15557849927112272,0.6296902177212588,-1.5508103310880816,0.7411975981814977,-1.5508103310881838,0.1137084207872317,12,0.03816780503270933,8.813287823533981e-20,0.37199886611839383,2.1700893418051197e-19,False,True,106.09281989356992,0.9185887271498435,False,True,False,False,False,False,-0.6462317336475263
3,BAC,CVX,0.6485613391335302,0.6485613391335302,1.0090353930112563,0.5144766859613665,-1.6157993092960394,0.7141753612004063,-1.6157993092960365,0.10013273715900745,0,0.3730018954504239,1.4275675055521443e-19,0.6187266404221801,4.69493780598058e-22,True,True,153.26607168538067,0.9185887271498435,False,True,False,False,True,False,-0.6470418264432243
3,BAC,XOM,0.6246307087658913,0.6246307087658913,1.9072113760015812,0.35742071723052915,-1.6483682627132077,0.7000494118036953,-1.64836826271321,0.09380962078500715,9,0.3730018954504239,1.4275675055521443e-19,0.9333269227470342,1.7823387148821918e-22,True,True,139.4926408471774,0.9185887271498435,False,True,False,True,True,False,-0.6697078335360631
3,CVX,SPY,0.6373660506723868,0.6373660506723868,1.66766386492175,0.49206330729752606,-1.1377959820125056,0.8734457122264563,-1.1377959820123786,0.23211626663488877,8,0.6187266404221801,4.69493780598058e-22,0.37199886611839383,2.1700893418051197e-19,True,True,266.4950272463573,0.9185887271498435,False,True,False,False,True,False,-0.6846338207995439
3,JPM,XOM,0.6065230944270998,0.6065230944270998,3.871165381229577,0.19377414641009244,-1.6096174434015191,0.7168135142275128,-1.6096174434015202,0.10136863885064412,13,0.4659600648022534,8.372334059645933e-18,0.9333269227470342,1.7823387148821918e-22,True,True,133.3724461360934,0.9185887271498435,False,True,False,False,True,False,-0.689327251487982
3,CVX,JPM,0.6520974732900496,0.6520974732900496,2.2250058259736956,0.48844971387032343,-0.9094764446026148,0.9187154077100386,-0.9094764446026355,0.3249340198315158,8,0.6187266404221801,4.69493780598058e-22,0.4659600648022534,8.372334059645933e-18,True,True,379.93492970139516,0.9395953033398122,False,True,False,False,True,False,-0.6947679216781972
3,JPM,KO,0.5473782538757649,0.5473782538757649,1.4233021642748598,0.8530027932075647,-2.1290468584062383,0.4611960742558646,-2.129046858406248,0.03189569725552409,5,0.4659600648022534,8.372334059645933e-18,0.03816780503270933,8.813287823533981e-20,True,False,98.15607709900478,0.9185887271498435,False,True,False,True,False,False,-0.7161382747103407
3,JPM,PEP,0.46709753758907235,0.46709753758907235,1.4972305171167428,0.663333191764517,-2.171736024422429,0.43898289144643227,-2.1717360244224366,0.02868314456658829,0,0.4659600648022534,8.372334059645933e-18,0.00028501197989656276,1.549496912820647e-18,True,False,90.49548662564868,0.9185887271498435,False,True,False,True,False,False,-0.7191705757256852
3,SPY,XOM,0.586563406683298,0.586563406683298,5.072300008463432,0.16781691498381185,-1.3511012649355958,0.8137825308305404,-1.3511012649355576,0.1638709065521396,9,0.37199886611839383,2.1700893418051197e-19,0.9333269227470342,1.7823387148821918e-22,True,True,291.5602126902511,0.9185887271498435,False,True,False,False,True,False,-0.721787392772083
3,BAC,KO,0.5163118485390303,0.5163118485390303,-0.25398447807022095,0.9484844650064302,-2.06009787222706,0.49723150448333236,-2.060097872227099,0.03772854042174453,8,0.3730018954504239,1.4275675055521443e-19,0.03816780503270933,8.813287823533981e-20,True,False,96.36536761842049,0.9185887271498435,False,True,False,True,False,False,-0.7304641538744765
3,PEP,QQQ,0.5744470619840341,0.5744470619840341,1.690742509192284,0.5575085286482169,-0.7397648097429866,0.9421728081293027,-0.7397648097429462,0.39585517144742904,3,0.00028501197989656276,1.549496912820647e-18,0.9343622989256961,5.900398386145276e-21,False,True,184.40978696956955,0.9421728081293027,False,True,False,False,False,False,-0.7873758147442426
3,BAC,PEP,0.44833882218012294,0.44833882218012294,-0.08679683078040856,0.7196267182515798,-2.046836151414433,0.5041622471375731,-2.0468361514144218,0.03894766830729277,0,0.3730018954504239,1.4275675055521443e-19,0.00028501197989656276,1.549496912820647e-18,True,False,95.68751036890097,0.9185887271498435,False,False,False,True,False,False,-0.7919024333152984
3,AAPL,JPM,0.4747327264807076,0.4747327264807076,-4.674894912143737,1.9618498842103596,-1.8509865483363945,0.6046421603040059,-1.8509865483364119,0.06112296442938258,7,0.8150883454198578,4.9291890736013044e-20,0.4659600648022534,8.372334059645933e-18,True,True,144.04345555145946,0.9185887271498435,False,True,False,True,True,False,-0.8130684845501219
3,AAPL,BAC,0.47723560952859606,0.47723560952859606,-1.1751560627250583,1.6862219381509003,-1.7425129462744695,0.6572020942774217,-1.742512946274467,0.07725026942335445,7,0.8150883454198578,4.9291890736013044e-20,0.3730018954504239,1.4275675055521443e-19,True,True,172.05828082970612,0.9185887271498435,False,True,False,True,True,False,-0.8137910625010278
3,KO,QQQ,0.49043417194332845,0.49043417194332845,1.595901522196001,0.39790714293549145,-1.357753132033363,0.8116271630908797,-1.3577531320334228,0.16198789237497185,12,0.03816780503270933,8.813287823533981e-20,0.9343622989256961,5.900398386145276e-21,False,True,128.70701587361023,0.9185887271498435,False,True,False,False,False,False,-0.8175400246766189
3,CVX,KO,0.4596494915589241,0.4596494915589241,0.7848122293801831,0.983532332938586,-1.9695818351870602,0.5443490545503474,-1.9695818351870586,0.046723527214758254,7,0.6187266404221801,4.69493780598058e-22,0.03816780503270933,8.813287823533981e-20,True,False,115.31445674752075,0.9185887271498435,False,True,False,True,False,False,-0.8252718320289806
3,KO,XOM,0.43979315422127396,0.43979315422127396,2.8437821240718217,0.2337295419364497,-1.6334990852087035,0.7065453946158768,-1.6334990852086773,0.09665738987143085,12,0.03816780503270933,8.813287823533981e-20,0.9333269227470342,1.7823387148821918e-22,False,True,151.26304900472027,0.9185887271498435,False,False,False,True,False,False,-0.8551149418979652
3,AAPL,KO,0.42495175421991843,0.42495175421991843,-6.106557513703261,2.7947949423758724,-1.9806838362242107,0.5386031369672155,-1.980683836224209,0.045532621988743034,12,0.8150883454198578,4.9291890736013044e-20,0.03816780503270933,8.813287823533981e-20,True,False,102.20324090031376,0.9185887271498435,False,False,False,True,False,False,-0.8597313883227833
3,CVX,QQQ,0.4587088622738706,0.4587088622738706,3.364567667125015,0.2062158448311966,-1.1194028740744317,0.8777625614987394,-1.1194028740744295,0.2387040862194535,8,0.6187266404221801,4.69493780598058e-22,0.9343622989256961,5.900398386145276e-21,True,True,259.8972521928843,0.9185887271498435,False,True,False,False,True,False,-0.8646085731149732
3,CVX,MSFT,0.41667640539109435,0.41667640539109435,3.5797328893219182,0.1773517614002039,-1.3929013233226706,0.799936117472378,-1.3929013233226812,0.15228432243173923,7,0.6187266404221801,4.69493780598058e-22,0.9371171053859767,3.0684714534353016e-22,True,True,222.88266229351248,0.9185887271498435,False,False,False,False,True,False,-0.8893570772402065
3,QQQ,XOM,0.410844226925815,0.410844226925815,5.293043834543114,0.04128342092550613,-1.3393110520669995,0.8175581864205456,-1.3393110520669689,0.16724501282030707,9,0.9343622989256961,5.900398386145276e-21,0.9333269227470342,1.7823387148821918e-22,True,True,314.1964316993849,0.9185887271498435,False,False,False,False,True,False,-0.8981813937831995
3,CVX,PEP,0.37980169752785836,0.37980169752785836,1.3609163522061403,0.661118485062663,-1.7610920944212305,0.648421266261823,-1.7610920944212485,0.07427175574312572,7,0.6187266404221801,4.69493780598058e-22,0.00028501197989656276,1.549496912820647e-18,True,False,140.56939044484068,0.9185887271498435,False,False,False,True,False,False,-0.9106292717657198
3,AAPL,CVX,0.3802334136243257,0.3802334136243257,0.8796683158675327,0.7888158010836255,-1.4801025335172173,0.7687425535859216,-1.480102533517215,0.1299808168641633,8,0.8150883454198578,4.9291890736013044e-20,0.6187266404221801,4.69493780598058e-22,True,True,380.44646547303506,0.9185887271498435,False,False,False,False,True,False,-0.9213393678934599
3,MSFT,XOM,0.3440812444084563,0.3440812444084563,4.719167432812286,0.10423835902258151,-1.7057065080224154,0.6742928528211811,-1.7057065080224285,0.08342775306782607,9,0.9371171053859767,3.0684714534353016e-22,0.9333269227470342,1.7823387148821918e-22,True,True,323.21161751218887,0.9185887271498435,False,False,False,True,True,False,-0.948180924350062
3,PEP,XOM,0.35705400236275475,0.35705400236275475,3.891933435026973,0.21283892786463934,-1.222909380246801,0.8517995334705082,-1.2229093802468294,0.2030661318784061,9,0.00028501197989656276,1.549496912820647e-18,0.9333269227470342,1.7823387148821918e-22,False,True,268.03910648213133,0.9185887271498435,False,False,False,False,False,False,-0.9591358421578795
3,AAPL,XOM,0.3456735232818736,0.3456735232818736,3.5777906271748945,0.21354667705142838,-1.2411772235503309,0.8467861275934756,-1.2411772235503111,0.19714356863696458,9,0.8150883454198578,4.9291890736013044e-20,0.9333269227470342,1.7823387148821918e-22,True,True,504.84680772874924,0.9185887271498435,False,False,False,False,True,False,-0.9693318085904723
